alert_key,probability
357668,1
354443,1
361128,1
364753,1
360609,1
357108,1
357471,1
364675,1
358723,1
355816,1
354047,1
355808,1
364626,1
361856,1
362723,1
356790,1
358254,1
355751,1
363261,1
359854,1
355188,1
358458,1
360264,1
363136,1
364190,1
354820,1
358172,1
353872,1
364695,1
355181,1
359483,1
364253,1
363459,1
355384,1
357448,1
353835,1
352876,1
364678,1
356951,1
354261,1
357498,1
353861,1
357221,1
357871,1
357671,1
364686,1
355411,1
354673,1
353860,1
357509,1
361566,1
363771,1
359340,1
353385,1
358046,1
358808,1
357222,1
360566,1
364319,1
363320,1
362725,1
353200,1
357128,1
357297,1
360596,1
355202,1
361133,1
358178,1
355155,1
357488,1
363284,1
364165,1
364302,1
363478,1
357287,1
357322,1
362586,1
355196,1
355397,1
364734,1
358040,1
355801,1
361456,1
352651,1
360254,1
352558,1
356017,1
356612,1
355090,1
355418,1
361617,1
362147,1
361706,1
355558,1
354218,1
358443,1
357849,1
353172,1
354054,1
358464,1
356216,1
356410,1
352343,1
364977,1
360034,1
364184,1
354177,1
354831,1
364169,1
362298,1
363746,1
361711,1
358248,1
357715,1
357866,1
354603,1
359377,1
358036,1
355909,1
364454,1
363143,1
363472,1
360820,1
356966,1
356624,1
361552,1
355822,1
359131,1
354609,1
358252,1
358834,1
362225,1
358455,1
359656,1
352487,1
363767,1
352858,1
355791,1
360081,1
357237,1
357294,1
357313,1
361295,1
358229,1
359499,1
354263,1
359500,1
358235,1
361011,1
361843,1
356055,1
354662,1
361000,1
356787,1
362853,1
363588,1
353047,1
352254,1
360567,1
356140,1
352685,1
362871,1
355795,1
361280,1
358144,1
360288,1
361286,1
363137,1
355673,1
354413,1
361296,1
355222,1
355667,1
354824,1
364109,1
359828,1
364193,1
353209,1
360847,1
362483,1
356303,1
353213,1
356859,1
363896,1
358616,1
357081,1
355761,1
360018,1
365073,1
354616,1
360562,1
360292,1
364986,1
358264,1
358721,1
359498,1
362153,1
354226,1
360046,1
359768,1
362273,1
360997,1
362930,1
362800,1
363040,1
361589,1
352472,1
360954,1
358970,1
362208,1
357695,1
353059,1
364706,1
354804,1
364488,1
360088,1
364020,1
353396,1
364751,1
355156,1
361857,1
364315,1
355705,1
364983,1
352329,1
354788,1
359654,1
356300,1
364312,1
355806,1
359134,1
354836,1
354790,1
357107,1
358071,1
359653,1
358481,1
357702,1
356407,1
355756,1
357682,1
359607,1
357497,1
356629,1
357233,1
357089,1
362285,1
364041,1
352497,1
355724,1
354446,1
363918,1
358977,1
364200,1
353545,1
354810,1
361303,1
361118,1
353248,1
356484,1
363905,1
352700,1
353847,1
361137,1
358214,1
355403,1
358849,1
352704,1
358008,1
362242,1
354447,1
352696,1
358281,1
362490,1
357124,1
358430,1
363753,1
365001,1
357086,1
359674,1
358064,1
353494,1
360286,1
360649,1
357115,1
364673,1
363138,1
363149,1
355815,1
359469,1
359668,1
354679,1
360563,1
356424,1
357502,1
359268,1
359084,1
364307,1
355810,1
357506,1
359247,1
364705,1
359941,1
364261,1
362002,1
357106,1
359841,1
360654,1
362733,1
357699,1
357870,1
359852,1
354834,1
360979,1
357274,1
353865,1
353033,1
355429,1
358421,1
354814,1
361778,1
353413,1
362851,1
352492,1
362866,1
356781,1
364698,1
355557,1
361292,1
357700,1
364189,1
355434,1
360053,1
363902,1
354254,1
358228,1
359201,1
361866,1
360846,1
360648,1
360396,1
358968,1
356608,1
359141,1
358044,1
360591,1
357705,1
352253,1
362864,1
360015,1
354432,1
352880,1
356630,1
363751,1
353568,1
358911,1
363158,1
360923,1
362247,1
361836,1
356311,1
361291,1
364045,1
358258,1
357466,1
353540,1
363131,1
363337,1
353586,1
361285,1
358268,1
364223,1
364033,1
356165,1
363476,1
357490,1
354569,1
355091,1
362136,1
354442,1
354966,1
359946,1
364467,1
354837,1
353848,1
363130,1
352654,1
357693,1
354821,1
357447,1
362855,1
364470,1
360989,1
353220,1
364495,1
362736,1
361854,1
354911,1
356016,1
354428,1
355729,1
360400,1
354465,1
356605,1
360584,1
355376,1
360041,1
364304,1
355361,1
359390,1
364455,1
360072,1
363441,1
353566,1
359857,1
362152,1
361559,1
352337,1
354262,1
354818,1
354759,1
355364,1
353589,1
353234,1
361835,1
355555,1
359945,1
361570,1
364321,1
358621,1
357304,1
362858,1
358432,1
361302,1
358239,1
354973,1
361581,1
357327,1
362934,1
364452,1
355347,1
363455,1
358726,1
355755,1
355827,1
361837,1
356429,1
360577,1
362479,1
361864,1
360147,1
352503,1
359737,1
360069,1
354970,1
361998,1
363346,1
356409,1
356305,1
359925,1
353823,1
361859,1
364724,1
354045,1
363900,1
361445,1
360062,1
358601,1
359638,1
357858,1
364323,1
357874,1
363774,1
353077,1
355737,1
359785,1
353890,1
363328,1
364603,1
360029,1
357712,1
362715,1
353376,1
356372,1
358034,1
363756,1
353843,1
355740,1
354670,1
357291,1
352692,1
354629,1
360521,1
364687,1
359762,1
357482,1
361145,1
355171,1
359365,1
359339,1
358626,1
354968,1
364728,1
357861,1
363034,1
364926,1
364332,1
364599,1
364460,1
361594,1
355146,1
363712,1
355540,1
355389,1
364011,1
357295,1
355198,1
357209,1
359954,1
353582,1
356043,1
359633,1
358479,1
357817,1
359947,1
353867,1
353072,1
354944,1
360529,1
358471,1
359393,1
364703,1
361692,1
358197,1
352715,1
360843,1
362478,1
353243,1
363128,1
360812,1
355215,1
363780,1
356405,1
354792,1
364447,1
357457,1
364135,1
357456,1
358462,1
365008,1
356628,1
357079,1
356188,1
355542,1
353074,1
354668,1
364035,1
363862,1
357278,1
358847,1
358457,1
357499,1
352857,1
360600,1
355793,1
359491,1
360250,1
355570,1
359536,1
361018,1
358480,1
355900,1
360090,1
353201,1
361021,1
354238,1
361010,1
352693,1
360039,1
353864,1
358453,1
354431,1
353065,1
359382,1
354622,1
360094,1
354435,1
358568,1
356075,1
359771,1
363740,1
357658,1
357119,1
353407,1
362727,1
354596,1
362233,1
364788,1
363341,1
358454,1
361025,1
354024,1
356249,1
352683,1
359680,1
353399,1
360393,1
358276,1
356399,1
358410,1
362207,1
361989,1
361865,1
355780,1
357095,1
359675,1
355899,1
364012,1
358725,1
363039,1
356411,1
364286,1
355731,1
354573,1
360082,1
358846,1
355901,1
360653,1
361299,1
358769,1
364689,1
353394,1
357852,1
355382,1
353870,1
364709,1
356173,1
363477,1
364779,1
357320,1
356749,1
363764,1
360789,1
360281,1
357319,1
354799,1
358983,1
353571,1
361442,1
362074,1
361565,1
355789,1
358026,1
364994,1
355183,1
364612,1
364898,1
357092,1
356639,1
362151,1
362468,1
352888,1
359376,1
359384,1
361146,1
360990,1
363682,1
361867,1
363036,1
353083,1
361996,1
354613,1
361141,1
357122,1
355216,1
357788,1
359116,1
354565,1
356962,1
355549,1
359143,1
355773,1
362488,1
354951,1
354048,1
354971,1
355812,1
360066,1
361721,1
360235,1
356288,1
360825,1
358192,1
364748,1
356221,1
363322,1
361851,1
363446,1
363336,1
357084,1
356957,1
360065,1
361261,1
360601,1
353857,1
352859,1
352658,1
363773,1
354470,1
352488,1
355884,1
363307,1
363123,1
358620,1
352501,1
361313,1
363755,1
356779,1
361234,1
357889,1
360839,1
357484,1
354795,1
354039,1
362175,1
363465,1
357493,1
354807,1
362246,1
361547,1
360598,1
357513,1
357285,1
357441,1
360075,1
360269,1
356614,1
363033,1
353556,1
354855,1
354401,1
355417,1
360646,1
357094,1
354826,1
361828,1
364721,1
357091,1
364999,1
362918,1
361263,1
358600,1
353587,1
363730,1
355677,1
355565,1
358237,1
364048,1
357893,1
359272,1
354452,1
363757,1
357907,1
358693,1
355633,1
357093,1
362717,1
359222,1
358988,1
357688,1
356187,1
354978,1
364643,1
361556,1
352816,1
352494,1
356617,1
363759,1
362127,1
362941,1
358592,1
364722,1
359385,1
360064,1
355532,1
352301,1
353030,1
357098,1
361863,1
363906,1
356594,1
352316,1
356602,1
364493,1
362486,1
358463,1
357475,1
356304,1
364976,1
358232,1
364963,1
355193,1
358466,1
362155,1
360976,1
355201,1
356776,1
360402,1
362132,1
360590,1
355182,1
364044,1
358736,1
354950,1
354652,1
363153,1
352660,1
356386,1
357850,1
361849,1
353178,1
354449,1
364633,1
356600,1
355759,1
361312,1
362003,1
362869,1
353084,1
359130,1
357709,1
358438,1
355917,1
361685,1
355794,1
359625,1
358833,1
355395,1
363479,1
364179,1
361551,1
357282,1
354938,1
355769,1
362101,1
364462,1
362176,1
363754,1
354143,1
361569,1
357527,1
357902,1
356065,1
352302,1
357288,1
358984,1
357869,1
354459,1
363161,1
362473,1
352344,1
364631,1
358282,1
357883,1
360594,1
354044,1
362461,1
364032,1
356569,1
356369,1
358467,1
356033,1
364978,1
360575,1
353227,1
358061,1
364699,1
361012,1
361861,1
362223,1
359495,1
363697,1
363338,1
363696,1
355563,1
357887,1
357112,1
359370,1
363129,1
363160,1
357347,1
357103,1
355559,1
357058,1
357068,1
361575,1
354234,1
353578,1
360955,1
364311,1
364479,1
357286,1
358005,1
358844,1
355734,1
355523,1
364995,1
364314,1
354235,1
362480,1
358842,1
359389,1
363923,1
352508,1
358006,1
364333,1
364775,1
361999,1
360278,1
355134,1
362144,1
362860,1
360271,1
360582,1
358059,1
364320,1
360468,1
356225,1
352699,1
356183,1
362174,1
362449,1
360287,1
357101,1
353045,1
361826,1
354421,1
361140,1
361124,1
356388,1
358260,1
354939,1
353833,1
353550,1
359253,1
364718,1
363168,1
361269,1
355413,1
354606,1
358981,1
364031,1
359853,1
360294,1
359831,1
353043,1
355748,1
355770,1
361129,1
364305,1
355123,1
352522,1
353247,1
360230,1
358459,1
357525,1
364628,1
359608,1
352495,1
356642,1
359391,1
357510,1
362451,1
363124,1
363147,1
359858,1
356413,1
357474,1
358610,1
357904,1
357275,1
363155,1
358067,1
357307,0
376329,0
373644,0
365254,0
375177,0
362463,0
371048,0
368703,0
376496,0
369160,0
373250,0
377450,0
377489,0
369183,0
375786,0
367385,0
359961,0
372097,0
374437,0
372786,0
373652,0
368288,0
369001,0
373249,0
371557,0
363442,0
367901,0
356228,0
366990,0
353518,0
366992,0
366277,0
370571,0
355197,0
370278,1
376567,0
368268,0
368570,0
371768,0
369612,0
353241,0
354007,0
376117,0
367018,0
370240,0
360063,0
367684,0
359605,0
358227,0
366963,0
367535,0
362125,0
356795,0
371637,0
369164,0
372305,0
365739,0
370233,0
371793,0
356638,0
358216,0
367366,0
378018,0
360842,0
354853,0
357485,0
376503,0
371279,0
353868,0
361003,0
373477,0
376103,0
374318,0
356306,0
360401,0
365325,0
367417,0
368580,0
366708,0
365595,0
359647,0
372343,0
360589,0
372795,0
371639,0
370248,0
369444,0
367216,0
375775,0
378068,0
358331,0
356245,0
367533,0
374525,0
367893,0
376644,0
361282,0
376785,0
361270,0
376080,0
368682,0
369990,0
355775,0
375891,0
363763,0
377761,0
376304,0
374936,0
365467,0
366252,0
361314,0
372124,0
361166,0
376098,0
357069,0
366687,0
374428,0
368724,0
367897,0
365876,0
378410,0
354842,0
376490,0
367421,0
363916,0
372347,0
368577,0
356045,0
371280,0
360011,0
371626,0
360409,0
376073,0
375311,0
359775,0
362890,0
366823,0
357507,0
366696,0
359648,0
366624,0
375306,0
377933,0
368901,0
373256,0
370153,0
371749,0
370243,0
356784,0
364640,0
369808,0
354049,0
369145,0
368524,0
354246,0
367543,0
375035,0
367691,0
367217,0
370161,0
365578,0
374575,0
367418,0
372812,0
374463,0
357882,0
365617,0
378407,0
363102,0
373444,0
369593,0
353888,0
369464,0
357324,0
372794,0
377432,0
371421,0
375460,0
374577,0
374600,0
377808,0
369186,0
370276,0
360576,0
365579,0
370256,0
365349,0
369617,0
367888,0
370918,0
372959,0
365750,0
360553,0
360387,0
364293,0
354595,0
366062,0
373254,0
361136,0
374929,0
373237,0
376890,0
354663,0
377801,0
367574,0
355378,0
363863,0
367422,0
363886,0
375931,0
367170,0
357661,0
374464,0
363289,0
361848,0
356418,0
373804,0
377954,0
367370,0
369395,0
375995,0
372636,0
354211,0
374429,0
368544,0
369619,0
369455,0
378106,0
366077,0
356395,0
368742,0
367726,0
362735,0
364316,0
369816,0
358569,0
373405,0
370724,0
354417,0
372901,0
373383,0
371622,0
365771,0
377454,0
377351,0
357064,0
372803,0
362823,0
357905,0
369344,0
365908,0
369945,0
364201,0
377798,0
373805,0
373825,0
368990,0
356789,0
360833,0
377610,0
376640,0
376215,0
375567,0
362226,0
378082,0
360572,0
369323,0
373235,0
375292,0
368098,0
361576,0
366676,0
365251,0
356214,0
375409,0
365326,0
361431,0
354607,0
377604,0
366516,0
354642,0
366717,0
370834,0
362131,0
366707,0
352249,0
378404,0
354928,0
367398,0
371289,0
371058,0
372843,0
375901,0
365618,0
359371,0
368745,0
374116,0
358199,0
367552,0
356588,0
370551,0
368414,0
367389,0
366859,0
367410,0
366598,0
361008,0
366121,0
371969,0
358482,0
372702,0
355762,0
374098,0
367003,0
369187,0
354448,0
375315,0
370380,0
370266,0
367518,0
359732,0
369472,0
366125,0
371405,0
372540,0
376216,0
370733,0
354780,0
366082,0
369299,0
376235,0
366666,0
368422,0
360604,0
372678,0
371773,0
366821,0
355753,0
376919,0
355204,0
361822,0
357259,0
369177,0
353878,0
360232,0
360079,0
373121,0
355179,0
366104,0
376684,0
356316,0
359639,0
369876,0
354245,0
377775,0
377464,0
377202,0
364038,0
372130,0
370913,0
364278,0
374328,0
368043,0
378102,0
370005,0
377196,0
371926,0
365262,0
370220,0
358472,0
373238,0
363909,0
376811,0
373654,0
356949,0
371801,0
365320,0
376995,0
364318,0
370886,0
370899,0
376986,0
368560,0
373813,0
358850,0
369968,0
371300,0
373950,0
372907,0
371825,0
370142,0
372558,0
366094,0
370582,0
374554,0
361690,0
377037,0
357478,0
376349,0
356742,0
365247,0
353549,0
354260,0
358593,0
374434,0
376668,0
354661,0
375618,0
364191,0
364717,0
360998,0
369325,0
378049,0
371286,0
372962,0
368998,0
364667,0
377467,0
371601,0
358250,0
364735,0
367178,0
371407,0
363569,0
375437,0
371299,0
367355,0
368993,0
368051,0
370560,0
353236,0
358946,0
368083,0
378380,0
365186,0
369126,0
372357,0
375474,0
374452,0
376901,0
356246,0
358273,0
366697,0
366881,0
367731,0
365166,0
377952,0
359642,0
369991,0
360652,0
367341,0
358993,0
376781,0
361839,0
360225,0
369594,0
366649,0
367549,0
365310,0
357848,0
373253,0
367513,0
363788,0
369462,0
371786,0
370212,0
367713,0
366126,0
364186,0
355388,0
361298,0
370152,0
353032,0
376493,0
369629,0
369996,0
376108,0
368565,0
374732,0
367010,0
368382,0
377652,0
359652,0
367906,0
365768,0
369989,0
362955,0
367534,0
366863,0
373210,0
355566,0
376914,0
374462,0
364692,0
370268,0
366889,0
361143,0
374770,0
367388,0
365180,0
362227,0
363276,0
365409,0
368681,0
375911,0
367401,0
365270,0
373835,0
370167,0
378397,0
361024,0
375602,0
365461,0
377303,0
366059,0
370900,0
367633,0
367372,0
367874,0
377792,0
358033,0
371589,0
365734,0
358253,0
369012,0
371970,0
367550,0
366502,0
368380,0
365769,0
374140,0
355436,0
373460,0
374126,0
354854,0
356632,0
371971,0
372810,0
375060,0
376093,0
367185,0
365589,0
359362,0
357116,0
372512,0
373992,0
377624,0
378186,0
366845,0
374919,0
367409,0
372692,0
370902,0
371250,0
364739,0
354612,0
373105,0
357701,0
373452,0
375696,0
365246,0
367733,0
360037,0
355147,0
375442,0
355362,0
356601,0
366888,0
373461,0
365735,0
370569,0
374315,0
374920,0
352866,0
367191,0
375049,0
360293,0
377455,0
355776,0
360058,0
375784,0
365313,0
373091,0
374113,0
368734,0
365420,0
375210,0
370287,0
371411,0
366693,0
369784,0
366108,0
356611,0
364195,0
372136,0
370538,0
357442,0
359255,0
367688,0
375293,0
376889,0
368416,0
370187,0
367334,0
372683,0
373683,0
371642,0
358063,0
358195,0
375297,0
371609,0
358066,0
376646,0
370125,0
365197,0
372255,0
366674,0
375457,0
374292,0
374330,0
378426,0
355757,0
366853,0
366498,0
361860,0
368246,0
365460,0
367218,0
369625,0
372090,0
366273,0
368974,0
367724,0
371618,0
355813,0
370382,0
375615,0
372796,0
367847,0
365415,0
371605,0
367523,0
365761,0
368733,0
376657,0
356968,0
366954,0
361001,0
372251,0
356765,0
365269,0
369814,0
354220,0
368675,0
372888,0
377783,0
366490,0
358138,0
361446,0
377797,0
369015,0
374784,0
369279,0
367743,0
357458,0
368858,0
374758,0
376242,0
371417,0
371047,0
372569,0
371771,0
354630,0
368518,0
365272,0
353233,0
365206,0
367577,0
365432,0
355380,0
369176,0
360651,0
361705,0
371264,0
371254,0
374754,0
364770,0
369982,0
373467,0
372309,0
362953,0
358207,0
372231,0
359477,0
365195,0
369465,0
359610,0
352686,0
361450,0
372689,0
374939,0
366662,0
367392,0
360516,0
371655,0
377639,0
375601,0
371636,0
356037,0
365383,0
358001,0
376906,0
376123,0
373958,0
371393,0
374913,0
366689,0
359244,0
364289,0
363770,0
365888,0
364176,0
378403,0
354619,0
369815,0
355426,0
371832,0
370155,0
373245,0
368573,0
362458,0
357862,0
364601,0
378223,0
371625,0
370370,0
367201,0
378094,0
375463,0
356884,0
374630,0
378239,0
369192,0
375478,0
376980,0
378027,0
376348,0
362472,0
368214,0
374419,0
370134,0
364694,0
364597,0
373814,0
358708,0
356763,0
377333,0
357677,0
359837,0
376226,0
369818,0
361020,0
359863,0
368680,0
371270,0
374426,0
356918,0
374918,0
372806,0
355392,0
373384,0
372109,0
358222,0
366524,0
368658,0
360558,0
364666,0
355420,0
368728,0
365429,0
375913,0
360583,0
366207,0
372765,0
358054,0
365569,0
366872,0
367885,0
360386,0
376885,0
365863,0
368930,0
372701,0
377361,0
365756,0
366688,0
375610,0
365621,0
369430,0
378103,0
363895,0
358605,0
353579,0
378395,0
373896,0
364693,0
364624,0
376911,0
357892,0
366683,0
368389,0
369294,0
372657,0
365889,0
377203,0
367744,0
377777,0
371267,0
367894,0
365322,0
366265,0
373243,0
371571,0
374134,0
355428,0
376897,0
370523,0
365910,0
357489,0
367019,0
369014,0
358030,0
360985,0
371292,0
375889,0
377774,0
366090,0
366831,0
357656,0
365733,0
377320,0
368602,0
376658,0
369302,0
371076,0
372770,0
357885,0
371360,0
361436,0
365904,0
372782,0
372222,0
376091,0
362171,0
369460,0
365407,0
370731,0
357090,0
366709,0
353388,0
374757,0
354239,0
372704,0
367892,0
372570,0
373369,0
373442,0
368258,0
376873,0
363304,0
357706,0
368582,0
375471,0
366519,0
365753,0
365387,0
374620,0
367222,0
372310,0
359506,0
377157,0
373932,0
356314,0
378401,0
371550,0
377767,0
373111,0
369193,0
366517,0
370141,0
371402,0
365869,0
374074,0
356068,0
369825,0
356058,0
358434,0
363345,0
361408,0
368730,0
371796,0
355375,0
374320,0
378215,0
374608,0
360279,0
355525,0
370168,0
371957,0
355916,0
375053,0
357888,0
368099,0
369452,0
377964,0
377648,0
357321,0
369431,0
368601,0
358841,0
372129,0
369005,0
354942,0
369022,0
371627,0
357261,0
367846,0
356384,0
378075,0
370907,0
374302,0
378229,0
373996,0
374114,0
369971,0
367914,0
377480,0
373446,0
361160,0
374115,0
366259,0
376669,0
366242,0
366081,0
373232,0
359658,0
365414,0
370712,0
370817,0
358819,0
376478,0
369975,0
376908,0
368383,0
368395,0
366980,0
366978,0
371795,0
352307,0
371520,0
367425,0
376092,0
360593,0
354015,0
375776,0
375408,0
374294,0
369992,0
365909,0
371599,0
378304,0
369456,0
367360,0
365410,0
367545,0
374903,0
375063,0
372099,0
378230,0
376336,0
367176,0
369028,0
356589,0
361144,0
367544,0
358470,0
355814,0
366799,0
352291,0
365439,0
371634,0
368084,0
368729,0
354828,0
369904,0
375178,0
376232,0
376909,0
360282,0
375557,0
368547,0
372248,0
370919,0
371106,0
352670,0
371271,0
370697,0
369949,0
374402,0
377364,0
367558,0
370736,0
364780,0
373972,0
372874,0
366960,0
374904,0
367174,0
377476,0
367279,0
364468,0
358604,0
376618,0
359142,0
358242,0
362154,0
365265,0
373987,0
366953,0
372879,0
367379,0
353415,0
358733,0
366089,0
358960,0
358989,0
366243,0
377451,0
367851,0
377213,0
366975,0
368212,0
358835,0
365413,0
377353,0
376495,0
371930,0
367929,0
371797,0
368853,0
363580,0
367559,0
368832,0
367692,0
360391,0
368585,0
357856,0
361580,0
357302,0
366928,0
370144,0
366977,0
364148,0
361152,0
368077,0
359260,0
373650,0
378391,0
367564,0
376358,0
365445,0
356773,0
362481,0
374765,0
376667,0
368405,0
373966,0
361284,0
376861,0
353205,0
367588,0
371978,0
371401,0
367900,0
370232,0
371066,0
370561,0
364702,0
371588,0
365892,0
369961,0
377642,0
373088,0
369252,0
377358,0
377922,0
368578,0
367727,0
378428,0
376900,0
362848,0
374308,0
366964,0
376109,0
365424,0
356752,0
376299,0
354013,0
370137,0
373674,0
365902,0
361845,0
356034,0
372909,0
369154,0
373114,0
373095,0
357341,0
371628,0
367381,0
375209,0
358588,0
374601,0
367020,0
368660,0
368047,0
362916,0
357100,0
366686,0
373933,0
355556,0
358300,0
366085,0
365619,0
363145,0
354618,0
367187,0
369972,0
369469,0
364484,0
363167,0
368747,0
357717,0
375617,0
370843,0
363023,0
354669,0
376110,0
366511,0
352691,0
358442,0
375782,0
370554,0
354943,0
360231,0
359781,0
362142,0
371950,0
369984,0
367212,0
353592,0
372245,0
354813,0
368407,0
376653,0
361158,0
372811,0
367889,0
374127,0
372451,0
378076,0
376836,0
359269,0
371016,0
373362,0
375470,0
369332,0
368081,0
358037,0
371275,0
367420,0
360078,0
377601,0
369441,0
355386,0
374756,0
367411,0
367872,0
361574,0
357455,0
365438,0
356195,0
356745,0
373257,0
375774,0
368716,0
365468,0
367358,0
372903,0
372201,0
368902,0
373476,0
373112,0
375763,0
373675,0
362450,0
354930,0
359467,0
356156,0
375197,0
374624,0
374551,0
369296,0
376679,0
366275,0
368066,0
364150,0
354628,0
374776,0
370711,0
367567,0
373667,0
371071,0
369630,0
373443,0
374325,0
368819,0
352298,0
361550,0
377497,0
370557,0
361002,0
354223,0
366838,0
369792,0
370743,0
361278,0
371037,0
376049,0
377857,0
356969,0
370889,0
365448,0
375282,0
359487,0
377628,0
367383,0
372958,0
365559,0
352330,0
376088,0
358167,0
374107,0
360388,0
377473,0
354407,0
368852,0
374122,0
371963,0
364610,0
364303,0
377793,0
357841,0
371624,0
369604,0
375265,0
365704,0
353386,0
372352,0
373657,0
374305,0
370707,0
368709,0
361689,0
368139,0
369007,0
372914,0
376979,0
361592,0
363339,0
376887,0
371379,0
367578,0
372893,0
374769,0
370369,0
364023,0
361015,0
368827,0
370384,0
358828,0
373392,0
371406,0
375051,0
367871,0
377479,0
377472,0
359959,0
360263,0
353879,0
355548,0
367213,0
352705,0
375185,0
366847,0
369432,0
370719,0
373672,0
361273,0
372358,0
374172,0
368038,0
367903,0
373436,0
372261,0
358298,0
364778,0
355716,0
369121,0
361266,0
369029,0
352819,0
377607,0
372328,0
371062,0
376227,0
362947,0
371620,0
352484,0
372781,0
366680,0
377778,0
355772,0
367198,0
352680,0
360085,0
374632,0
364592,0
357303,0
365588,0
373964,0
365875,0
373271,0
354604,0
357468,0
356736,0
354819,0
366982,0
368167,0
367380,0
355424,0
352312,0
357292,0
372804,0
376476,0
365244,0
369474,0
374131,0
371069,0
370539,0
358280,0
376881,0
364464,0
368401,0
355402,0
359398,0
370219,0
369024,0
367562,0
359848,0
369965,0
374303,0
365558,0
360814,0
354633,0
369328,0
369986,0
375203,0
358837,0
367016,0
369306,0
354440,0
361545,0
367524,0
371288,0
377349,0
356248,0
357318,0
359468,0
363571,0
373670,0
377457,0
378245,0
355545,0
364670,0
374731,0
365271,0
367704,0
369336,0
373391,0
375450,0
373275,0
363590,0
364964,0
370547,0
367234,0
367703,0
373931,0
355546,0
377962,0
365587,0
365731,0
364729,0
370230,0
363157,0
377356,0
373124,0
358740,0
373109,0
377459,0
364163,0
375919,0
371260,0
375312,0
362914,0
373252,0
374593,0
353875,0
368701,0
361986,0
367648,0
365430,0
369468,0
374610,0
369944,0
368259,0
374741,0
354625,0
368673,0
370223,0
370703,0
366682,0
373475,0
372533,0
368234,0
366631,0
375605,0
375609,0
358975,0
356220,0
373684,0
376335,0
356403,0
368286,0
376339,0
365436,0
357526,0
366491,0
364715,0
362952,0
362891,0
370221,0
372112,0
366064,0
373967,0
375751,0
371810,0
369486,0
360655,0
368723,0
376904,0
367378,0
366654,0
376825,0
365207,0
352476,0
362015,0
355521,0
359777,0
373213,0
374908,0
360610,0
356950,0
363584,0
355561,0
367556,0
366993,0
370578,0
375932,0
352342,0
370880,0
365163,0
371072,0
370165,0
367709,0
376905,0
364299,0
354258,0
376999,0
361162,0
376882,0
359126,0
359110,0
356792,0
372263,0
377640,0
366855,0
367730,0
375858,0
377498,0
371369,0
370286,0
365884,0
358048,0
371291,0
369473,0
361577,0
363695,0
361976,0
367723,0
358717,0
377449,0
375792,0
369421,0
372787,0
365249,0
368550,0
373217,0
375791,0
357066,0
369153,0
374500,0
361433,0
359636,0
373473,0
366957,0
376932,0
370518,0
362859,0
371990,0
365890,0
369021,0
357628,0
377927,0
373070,0
364015,0
358731,0
370709,0
371083,0
374777,0
355522,0
372891,0
372767,0
372329,0
371983,0
357692,0
353404,0
377371,0
356050,0
372345,0
369597,0
367223,0
353560,0
361698,0
353366,0
362287,0
373435,0
368996,0
356054,0
366672,0
376810,0
371295,0
378427,0
378231,0
372788,0
376500,0
356307,0
371293,0
377428,0
367557,0
361710,0
355800,0
369542,0
365782,0
356014,0
370140,0
367568,0
369962,0
354040,0
367589,0
371781,0
372541,0
370260,0
371829,0
367548,0
373673,0
376511,0
358622,0
361123,0
367591,0
360559,0
370931,0
360074,0
366962,0
366700,0
370579,0
374738,0
377372,0
353359,0
368406,0
374293,0
368404,0
371363,0
374615,0
368568,0
377478,0
359759,0
366873,0
353825,0
367390,0
354212,0
367393,0
368850,0
356599,0
377615,0
377784,0
370588,0
377186,0
370580,0
365004,0
371984,0
371992,0
366976,0
374926,0
359774,0
371614,0
367221,0
366247,0
372339,0
367302,0
353855,0
367232,0
361707,0
368835,0
356924,0
370925,0
372792,0
364008,0
371091,0
361308,0
364672,0
357290,0
373260,0
374125,0
369957,0
365800,0
363776,0
365885,0
370570,0
370926,0
352480,0
353541,0
366109,0
359731,0
366504,0
377482,0
360849,0
372546,0
353569,0
369313,0
357216,0
376894,0
375916,0
369993,0
371068,0
360588,0
368588,0
375909,0
369303,0
366088,0
367007,0
367590,0
353383,0
367922,0
358220,0
356018,0
360077,0
366239,0
365253,0
376867,0
369970,0
366257,0
354453,0
374329,0
374915,0
354947,0
366678,0
378406,0
354402,0
372887,0
366684,0
378067,0
359767,0
370255,0
367017,0
369429,0
368825,0
352870,0
366691,0
374425,0
361117,0
375304,0
368187,0
355672,0
378379,0
372320,0
354061,0
365582,0
357521,0
375174,0
371283,0
355379,0
374713,0
366973,0
370749,0
372164,0
354643,0
371649,0
359657,0
372351,0
369321,0
371078,0
366002,0
363032,0
368970,0
377360,0
371960,0
368071,0
363317,0
365565,0
359121,0
369956,0
359220,0
367394,0
360492,0
367844,0
353041,0
352465,0
368291,0
363868,0
354229,0
375754,0
358233,0
356734,0
372882,0
366202,0
357109,0
367877,0
369478,0
365732,0
366116,0
376879,0
370282,0
358211,0
357445,0
375562,0
369794,0
359856,0
352309,0
375910,0
372137,0
372904,0
366250,0
358974,0
369146,0
363152,0
361715,0
378237,0
357281,0
362296,0
371092,0
364496,0
372802,0
359263,0
371617,0
369959,0
377647,0
357262,0
355538,0
368676,0
360991,0
373373,0
373218,0
364639,0
371961,0
358456,0
367228,0
354667,0
367742,0
370591,0
371060,0
376877,0
372359,0
357567,0
377338,0
375778,0
372252,0
359950,0
352684,0
366668,0
375920,0
369300,0
368281,0
359481,0
375369,0
361277,0
360233,0
374734,0
376446,0
378078,0
372247,0
354935,0
368863,0
356644,0
360249,0
364669,0
356783,0
376502,0
352872,0
377791,0
373182,0
368041,0
364993,0
373991,0
364743,0
373971,0
378060,0
370718,0
358996,0
368091,0
368953,0
368739,0
365447,0
377627,0
369442,0
370906,0
353405,0
355911,0
372793,0
358451,0
371962,0
354959,0
369550,0
355221,0
365295,0
357300,0
371082,0
369337,0
368053,0
374123,0
367391,0
356637,0
373773,0
376100,0
371408,0
359819,0
359369,0
362850,0
371415,0
369807,0
353056,0
368429,0
368418,0
377205,0
355404,0
374622,0
372341,0
365457,0
377632,0
355915,0
378377,0
364458,0
365384,0
374446,0
376102,0
375780,0
372324,0
354256,0
355501,0
368269,0
365208,0
354178,0
355150,0
375299,0
369018,0
371815,0
370818,0
360786,0
367364,0
367546,0
370924,0
377651,0
355519,0
369980,0
377490,0
361437,0
356313,0
369795,0
356422,0
369983,0
364047,0
376355,0
378388,0
367205,0
371420,0
356229,0
352877,0
360854,0
371598,0
356120,0
370576,0
352507,0
360049,0
355725,0
371604,0
373378,0
376920,0
358980,0
371826,0
352332,0
370592,0
356315,0
374824,0
369606,0
372332,0
368058,0
363738,0
367891,0
368264,0
366716,0
364252,0
375436,0
364767,0
367899,0
377786,0
374146,0
373685,0
353231,0
352886,0
378303,0
358987,0
378381,0
368437,0
353851,0
367180,0
358029,0
368097,0
377001,0
370734,0
372264,0
372230,0
352557,0
371610,0
373983,0
366526,0
366663,0
377738,0
367925,0
365728,0
370695,0
373949,0
371265,0
371404,0
372131,0
373344,0
370909,0
367004,0
370896,0
368267,0
357519,0
359373,0
374456,0
377796,0
363439,0
376638,0
372896,0
363684,0
368260,0
354778,0
375171,0
373796,0
367511,0
369877,0
367930,0
371375,0
366095,0
375307,0
375028,0
367023,0
369329,0
360661,0
371980,0
366987,0
354471,0
376086,0
375587,0
374582,0
371989,0
366885,0
377504,0
366492,0
373214,0
367719,0
377898,0
369793,0
372679,0
370157,0
367365,0
368287,0
356941,0
360040,0
361147,0
376338,0
371811,0
355787,0
378187,0
373669,0
364475,0
373424,0
367183,0
374590,0
355431,0
368270,0
359227,0
353561,0
355373,0
373680,0
374779,0
363020,0
356179,0
368987,0
369777,0
377194,0
371967,0
369585,0
358212,0
360592,0
375296,0
367927,0
364196,0
378249,0
355212,0
373104,0
364295,0
372563,0
375313,0
371613,0
369315,0
356774,0
374914,0
374604,0
367336,0
354798,0
356408,0
375912,0
356420,0
375147,0
358444,0
356746,0
369810,0
369034,0
364006,0
378384,0
354850,0
362005,0
368718,0
374764,0
374432,0
365191,0
377779,0
365126,0
362701,0
368196,0
354675,0
376477,0
354658,0
360290,0
378101,0
369450,0
376116,0
371772,0
356052,0
366078,0
369631,0
372556,0
356634,0
375918,0
365009,0
371584,0
378409,0
363914,0
364478,0
369470,0
367551,0
360406,0
365900,0
365776,0
372085,0
377766,0
359650,0
363282,0
372107,0
372282,0
376865,0
367536,0
363154,0
365314,0
375285,0
374556,0
373480,0
377931,0
365602,0
367495,0
368289,0
370249,0
366870,0
373445,0
365437,0
374139,0
367384,0
356944,0
371255,0
366107,0
364167,0
357067,0
370545,0
372534,0
368973,0
372125,0
364194,0
371597,0
373106,0
365594,0
366098,0
367566,0
366263,0
359113,0
371105,0
377618,0
366100,0
370929,0
376233,0
355178,0
367400,0
367910,0
354817,0
361290,0
369476,0
376243,0
376486,0
366101,0
354022,0
373928,0
368256,0
359782,0
373447,0
366860,0
369588,0
366804,0
368433,0
361718,0
359784,0
375599,0
361306,0
369586,0
367522,0
366974,0
373823,0
375195,0
371657,0
365747,0
356390,0
364182,0
376120,0
364251,0
373824,0
363288,0
362243,0
355741,0
359223,0
368594,0
360827,0
371621,0
370701,0
375622,0
365867,0
360951,0
356057,0
374602,0
367920,0
360260,0
372877,0
371593,0
360597,0
355166,0
372326,0
375908,0
353229,0
370103,0
368402,0
369180,0
355168,0
372103,0
367898,0
375126,0
367735,0
368677,0
369174,0
368012,0
374576,0
373953,0
369308,0
370209,0
365187,0
378414,0
377807,0
355678,0
370147,0
367220,0
374558,0
375294,0
370270,0
352305,0
372557,0
372133,0
358256,0
358956,0
352280,0
358213,0
372110,0
373472,0
376191,0
368240,0
362220,0
362477,0
371097,0
372102,0
372249,0
354796,0
366665,0
372895,0
368403,0
367214,0
356757,0
369549,0
375857,0
374905,0
361459,0
369006,0
367192,0
368839,0
365462,0
375318,0
375781,0
376878,0
360810,0
377471,0
371362,0
365434,0
363467,0
373468,0
372736,0
376454,0
352320,0
368415,0
367005,0
367908,0
374289,0
373681,0
373653,0
371788,0
359849,0
378419,0
368864,0
352871,0
368600,0
367884,0
374787,0
368061,0
366706,0
367886,0
372232,0
375040,0
360513,0
365168,0
363315,0
366205,0
376886,0
359851,0
355745,0
367613,0
354014,0
358452,0
372340,0
366509,0
367571,0
378396,0
371084,0
372902,0
365534,0
378251,0
369599,0
378405,0
353054,0
375301,0
354847,0
363453,0
370737,0
358602,0
376083,0
361847,0
358193,0
372898,0
361855,0
360043,0
373816,0
360730,0
368222,0
365442,0
352874,0
353198,0
371065,0
370288,0
368085,0
368425,0
371633,0
368834,0
375166,0
373827,0
373965,0
374296,0
377629,0
365751,0
373123,0
372743,0
367932,0
367540,0
362245,0
374327,0
366930,0
368432,0
369798,0
366871,0
366515,0
369546,0
375473,0
375310,0
366066,0
358709,0
362824,0
355152,0
372711,0
377638,0
370891,0
368559,0
367879,0
357314,0
371079,0
372096,0
359681,0
376504,0
353831,0
353596,0
354967,0
373469,0
373371,0
361463,0
356186,0
376512,0
369805,0
372241,0
375048,0
357670,0
371387,0
375452,0
370164,0
364480,0
374927,0
362219,0
362926,0
377183,0
364309,0
369487,0
370257,0
371281,0
362470,0
356189,0
376832,0
367753,0
355458,0
367711,0
370573,0
359603,0
378083,0
364961,0
361294,0
373984,0
370910,0
368720,0
369004,0
373258,0
372331,0
358836,0
359361,0
369804,0
361709,0
364776,0
365167,0
372323,0
375924,0
376323,0
374455,0
376888,0
372769,0
374316,0
374603,0
367363,0
375321,0
376839,0
367926,0
370188,0
374259,0
356426,0
364030,0
369017,0
372226,0
366994,0
376096,0
367215,0
370885,0
360581,0
367553,0
352520,0
362724,0
367887,0
366986,0
355203,0
370552,0
361114,0
373380,0
373248,0
369605,0
369151,0
360556,0
368750,0
358624,0
358265,0
356932,0
375454,0
361827,0
369788,0
375594,0
368290,0
358206,0
375284,0
365324,0
370251,0
366865,0
359132,0
377713,0
356606,0
366844,0
371228,0
368230,0
373428,0
369938,0
358431,0
369448,0
373822,0
369790,0
376896,0
372805,0
371629,0
365759,0
368988,0
378240,0
361262,0
377362,0
362301,0
376489,0
368373,0
376326,0
368392,0
368248,0
364172,0
366087,0
367233,0
371774,0
376754,0
370210,0
356421,0
371643,0
375904,0
368411,0
377958,0
366278,0
365591,0
371819,0
367408,0
370246,0
369987,0
359135,0
367561,0
369178,0
367173,0
356911,0
373963,0
356890,0
375760,0
356044,0
373267,0
359270,0
370567,0
357223,0
372965,0
355895,0
374751,0
366505,0
352493,0
356182,0
353885,0
376359,0
363480,0
354468,0
358734,0
366869,0
363866,0
363319,0
371094,0
374940,0
361006,0
374607,0
373466,0
363898,0
367754,0
367413,0
364203,0
365599,0
368413,0
365189,0
358742,0
352865,0
368192,0
367532,0
359507,0
366092,0
366983,0
365597,0
370280,0
377365,0
368838,0
378054,0
371088,0
374581,0
367699,0
377901,0
355567,0
363752,0
374739,0
363121,0
360395,0
376876,0
358157,0
362734,0
370565,0
360645,0
370584,0
375896,0
371778,0
375037,0
367740,0
377735,0
376350,0
376912,0
356387,0
357863,0
368569,0
375922,0
362230,0
354576,0
376112,0
376234,0
356756,0
366650,0
371813,0
376993,0
373515,0
354962,0
369274,0
366124,0
359860,0
375303,0
368731,0
365570,0
370542,0
371376,0
370158,0
366886,0
375264,0
362872,0
374078,0
366097,0
357077,0
358223,0
369978,0
368421,0
374928,0
375588,0
366850,0
367902,0
356565,0
362929,0
375295,0
370577,0
372554,0
368604,0
358269,0
353166,0
377331,0
367189,0
374788,0
360226,0
370098,0
371586,0
365440,0
352470,0
376333,0
374448,0
378071,0
378189,0
360855,0
374313,0
365609,0
359494,0
370181,0
362284,0
366276,0
359673,0
367015,0
362149,0
353075,0
366843,0
367565,0
355905,0
371370,0
363146,0
356119,0
374755,0
366105,0
365408,0
369159,0
375453,0
355671,0
361460,0
354415,0
368238,0
371294,0
368558,0
354672,0
370693,0
371780,0
370553,0
373974,0
367695,0
366692,0
362203,0
372875,0
362214,0
371035,0
353403,0
373623,0
369191,0
370274,0
369976,0
372128,0
375191,0
369463,0
376094,0
369942,0
365783,0
375903,0
365607,0
374912,0
374931,0
376680,0
375621,0
368590,0
376674,0
361432,0
376487,0
376046,0
364022,0
359626,0
355792,0
374783,0
368265,0
366523,0
364036,0
368978,0
354027,0
369152,0
370381,0
376449,0
359827,0
368266,0
372964,0
365784,0
361720,0
356777,0
356070,0
369422,0
352282,0
366240,0
371074,0
356959,0
353558,0
354958,0
374906,0
374773,0
353416,0
371089,0
376422,0
370558,0
356953,0
354801,0
365616,0
368587,0
370169,0
372259,0
376488,0
377448,0
376670,0
370748,0
364996,0
366495,0
372673,0
356960,0
373658,0
367338,0
359960,0
371378,0
376328,0
378306,0
372815,0
366058,0
372346,0
356771,0
362928,0
357897,0
369305,0
359400,0
352331,0
365416,0
362925,0
367512,0
362895,0
356753,0
359488,0
373113,0
368252,0
368409,0
375761,0
362241,0
373102,0
372688,0
377576,0
369638,0
369345,0
370250,0
353080,0
365267,0
371656,0
367236,0
367573,0
375469,0
375921,0
355527,0
360251,0
363038,0
368727,0
368849,0
371751,0
375194,0
362469,0
374447,0
368253,0
365431,0
370272,0
368424,0
367928,0
373439,0
364472,0
368410,0
365443,0
367720,0
375625,0
368438,0
367918,0
374119,0
367399,0
359956,0
355679,0
374605,0
365199,0
375465,0
371551,0
376892,0
368186,0
373821,0
371262,0
354430,0
354756,0
376081,0
356180,0
369969,0
371638,0
352710,0
368218,0
369817,0
374465,0
358625,0
365740,0
361150,0
361028,0
365608,0
373120,0
354423,0
360273,0
368657,0
369613,0
374310,0
367537,0
361287,0
374427,0
368976,0
376345,0
356610,0
373453,0
377494,0
377460,0
370267,0
376649,0
377776,0
368700,0
366673,0
377924,0
363583,0
369824,0
377350,0
371595,0
353051,0
357676,0
371792,0
360534,0
364485,0
368710,0
372119,0
