cust_id,trans_date,trans_no,trade_amount_usd
01b1735c3dbf0a35c1c989bb45434ce4326b365b73db0612190e56b2858e0184,403,0,40211.0
01b1735c3dbf0a35c1c989bb45434ce4326b365b73db0612190e56b2858e0184,412,4,9651.0
0405156b4d5a0104c6738d684fe707e4314b599576f0e471dff2cefc441ac1eb,399,0,47922.0
0405156b4d5a0104c6738d684fe707e4314b599576f0e471dff2cefc441ac1eb,403,0,47922.0
0405156b4d5a0104c6738d684fe707e4314b599576f0e471dff2cefc441ac1eb,404,0,47922.0
041c3ed12155690a10a7abb58f379acefec0620512cf29bb69890b93bfa5b08c,405,0,69934.0
041c3ed12155690a10a7abb58f379acefec0620512cf29bb69890b93bfa5b08c,407,0,67013.0
041c3ed12155690a10a7abb58f379acefec0620512cf29bb69890b93bfa5b08c,410,0,68162.0
041c3ed12155690a10a7abb58f379acefec0620512cf29bb69890b93bfa5b08c,411,0,68807.0
041c3ed12155690a10a7abb58f379acefec0620512cf29bb69890b93bfa5b08c,412,0,69182.0
04e35c2d84e9a5490103d2d4f72025160579b6e5de26953f564deaa9ff8a1f4a,397,0,50474.0
04e35c2d84e9a5490103d2d4f72025160579b6e5de26953f564deaa9ff8a1f4a,398,0,101150.0
04e35c2d84e9a5490103d2d4f72025160579b6e5de26953f564deaa9ff8a1f4a,399,0,102664.0
04e35c2d84e9a5490103d2d4f72025160579b6e5de26953f564deaa9ff8a1f4a,400,0,101958.0
04e35c2d84e9a5490103d2d4f72025160579b6e5de26953f564deaa9ff8a1f4a,403,0,101554.0
04e35c2d84e9a5490103d2d4f72025160579b6e5de26953f564deaa9ff8a1f4a,404,0,100880.0
04e35c2d84e9a5490103d2d4f72025160579b6e5de26953f564deaa9ff8a1f4a,405,0,103371.0
04e35c2d84e9a5490103d2d4f72025160579b6e5de26953f564deaa9ff8a1f4a,406,0,104227.0
04e35c2d84e9a5490103d2d4f72025160579b6e5de26953f564deaa9ff8a1f4a,407,0,105168.0
04e35c2d84e9a5490103d2d4f72025160579b6e5de26953f564deaa9ff8a1f4a,410,0,104301.0
04e35c2d84e9a5490103d2d4f72025160579b6e5de26953f564deaa9ff8a1f4a,411,0,106261.0
04e35c2d84e9a5490103d2d4f72025160579b6e5de26953f564deaa9ff8a1f4a,412,0,106407.0
04e35c2d84e9a5490103d2d4f72025160579b6e5de26953f564deaa9ff8a1f4a,413,0,107285.0
04e35c2d84e9a5490103d2d4f72025160579b6e5de26953f564deaa9ff8a1f4a,414,0,125307.0
04e35c2d84e9a5490103d2d4f72025160579b6e5de26953f564deaa9ff8a1f4a,417,0,82624.0
04e35c2d84e9a5490103d2d4f72025160579b6e5de26953f564deaa9ff8a1f4a,418,0,111106.0
04e35c2d84e9a5490103d2d4f72025160579b6e5de26953f564deaa9ff8a1f4a,420,0,115239.0
04e35c2d84e9a5490103d2d4f72025160579b6e5de26953f564deaa9ff8a1f4a,421,0,100257.0
04e35c2d84e9a5490103d2d4f72025160579b6e5de26953f564deaa9ff8a1f4a,424,0,101373.0
060e4307caae83b07b0a86dd3b77f3a7e77eb18fae2a361fa27857760ee8ad49,405,4,261810.0
060e4307caae83b07b0a86dd3b77f3a7e77eb18fae2a361fa27857760ee8ad49,412,4,14692.0
0658224f10ea4c5c8b4252f1bef32ee1071dc504bfc6704a706a6b4a21f2a116,417,3,7384.0
0658224f10ea4c5c8b4252f1bef32ee1071dc504bfc6704a706a6b4a21f2a116,419,0,175984.0
06be1ee7d2c0bd94fa522e7a255fcb128e23fd13e6ae70bb3207440b73c98b40,400,4,413817.0
075deb0e42555d1c775fca6b34a0d70d8823a602a17a1435084b748299ec5075,398,0,35308.0
075deb0e42555d1c775fca6b34a0d70d8823a602a17a1435084b748299ec5075,400,0,35151.0
075deb0e42555d1c775fca6b34a0d70d8823a602a17a1435084b748299ec5075,403,0,35046.0
075deb0e42555d1c775fca6b34a0d70d8823a602a17a1435084b748299ec5075,404,0,35204.0
0b73b3671ad1af7f6c776ff2aae21d7e3fe18f4d6141acd0050b1cf33aaf3a43,424,3,969.0
0b743eb8a5ee4592e79642a655993639a115e0760d1e3980b67f628a8aa614d7,418,3,19820.0
0d3e7ad0d93fda5febaf0dccd73ab1556aecc5339faa306068d79bc2cc827370,397,0,80522.0
0d3e7ad0d93fda5febaf0dccd73ab1556aecc5339faa306068d79bc2cc827370,398,0,86237.0
0d3e7ad0d93fda5febaf0dccd73ab1556aecc5339faa306068d79bc2cc827370,399,0,86646.0
0d3e7ad0d93fda5febaf0dccd73ab1556aecc5339faa306068d79bc2cc827370,400,0,90422.0
0d3e7ad0d93fda5febaf0dccd73ab1556aecc5339faa306068d79bc2cc827370,403,0,90422.0
0d3e7ad0d93fda5febaf0dccd73ab1556aecc5339faa306068d79bc2cc827370,404,0,91136.0
0eb4fa13deedc7fa0679ca862d8c72c8af584a7449d438e2ca17aeedae0571bf,405,0,41770.0
0eb4fa13deedc7fa0679ca862d8c72c8af584a7449d438e2ca17aeedae0571bf,407,0,68649.0
0eb4fa13deedc7fa0679ca862d8c72c8af584a7449d438e2ca17aeedae0571bf,411,0,43501.0
0ed610a55aaa32ab639033add53f96f569fb64aabd95964801e480313f94531f,407,4,51378.0
0ed610a55aaa32ab639033add53f96f569fb64aabd95964801e480313f94531f,412,4,52423.0
1055d3fd1ce845e22dfe46868a85fd4903e75987f863ae236425fece3ddff2a5,400,0,34423.0
1055d3fd1ce845e22dfe46868a85fd4903e75987f863ae236425fece3ddff2a5,404,0,34307.0
1055d3fd1ce845e22dfe46868a85fd4903e75987f863ae236425fece3ddff2a5,407,0,34261.0
1055d3fd1ce845e22dfe46868a85fd4903e75987f863ae236425fece3ddff2a5,421,0,45268.0
115320f452f39ac84f789530964e49f241d4cb2a3d90c870f1e7955b5a1572d5,397,0,18239.0
115320f452f39ac84f789530964e49f241d4cb2a3d90c870f1e7955b5a1572d5,403,0,18117.0
115320f452f39ac84f789530964e49f241d4cb2a3d90c870f1e7955b5a1572d5,404,0,20530.0
115320f452f39ac84f789530964e49f241d4cb2a3d90c870f1e7955b5a1572d5,405,0,18129.0
115320f452f39ac84f789530964e49f241d4cb2a3d90c870f1e7955b5a1572d5,406,0,18050.0
115320f452f39ac84f789530964e49f241d4cb2a3d90c870f1e7955b5a1572d5,407,0,18415.0
115320f452f39ac84f789530964e49f241d4cb2a3d90c870f1e7955b5a1572d5,410,0,18434.0
115320f452f39ac84f789530964e49f241d4cb2a3d90c870f1e7955b5a1572d5,411,0,18428.0
115320f452f39ac84f789530964e49f241d4cb2a3d90c870f1e7955b5a1572d5,412,0,18838.0
115320f452f39ac84f789530964e49f241d4cb2a3d90c870f1e7955b5a1572d5,413,0,18775.0
127189d3452b6e707329fd71bd84ea6eeb664bb311713a23806608608a3a80a7,397,0,36538.0
127189d3452b6e707329fd71bd84ea6eeb664bb311713a23806608608a3a80a7,398,0,36538.0
127189d3452b6e707329fd71bd84ea6eeb664bb311713a23806608608a3a80a7,399,0,36587.0
127189d3452b6e707329fd71bd84ea6eeb664bb311713a23806608608a3a80a7,400,0,36706.0
127189d3452b6e707329fd71bd84ea6eeb664bb311713a23806608608a3a80a7,403,0,38733.0
127189d3452b6e707329fd71bd84ea6eeb664bb311713a23806608608a3a80a7,404,0,38798.0
127189d3452b6e707329fd71bd84ea6eeb664bb311713a23806608608a3a80a7,405,0,38798.0
127189d3452b6e707329fd71bd84ea6eeb664bb311713a23806608608a3a80a7,407,0,38642.0
127189d3452b6e707329fd71bd84ea6eeb664bb311713a23806608608a3a80a7,410,0,38668.0
127189d3452b6e707329fd71bd84ea6eeb664bb311713a23806608608a3a80a7,411,0,40182.0
127189d3452b6e707329fd71bd84ea6eeb664bb311713a23806608608a3a80a7,413,0,40114.0
127189d3452b6e707329fd71bd84ea6eeb664bb311713a23806608608a3a80a7,414,0,40263.0
127189d3452b6e707329fd71bd84ea6eeb664bb311713a23806608608a3a80a7,417,0,40657.0
127189d3452b6e707329fd71bd84ea6eeb664bb311713a23806608608a3a80a7,418,0,40698.0
127189d3452b6e707329fd71bd84ea6eeb664bb311713a23806608608a3a80a7,419,0,42185.0
127189d3452b6e707329fd71bd84ea6eeb664bb311713a23806608608a3a80a7,420,0,42271.0
127189d3452b6e707329fd71bd84ea6eeb664bb311713a23806608608a3a80a7,421,0,42487.0
127189d3452b6e707329fd71bd84ea6eeb664bb311713a23806608608a3a80a7,424,0,43138.0
12c9e6d35500d2a96fc2b22a9da8e3deb6048de515a16e9187a67cdcf485350f,397,0,67753.0
12c9e6d35500d2a96fc2b22a9da8e3deb6048de515a16e9187a67cdcf485350f,398,0,44835.0
12c9e6d35500d2a96fc2b22a9da8e3deb6048de515a16e9187a67cdcf485350f,399,0,36716.0
12c9e6d35500d2a96fc2b22a9da8e3deb6048de515a16e9187a67cdcf485350f,400,0,67028.0
12c9e6d35500d2a96fc2b22a9da8e3deb6048de515a16e9187a67cdcf485350f,403,0,66894.0
12c9e6d35500d2a96fc2b22a9da8e3deb6048de515a16e9187a67cdcf485350f,404,0,63997.0
12c9e6d35500d2a96fc2b22a9da8e3deb6048de515a16e9187a67cdcf485350f,405,0,67365.0
12c9e6d35500d2a96fc2b22a9da8e3deb6048de515a16e9187a67cdcf485350f,406,0,67139.0
12c9e6d35500d2a96fc2b22a9da8e3deb6048de515a16e9187a67cdcf485350f,407,0,67184.0
12c9e6d35500d2a96fc2b22a9da8e3deb6048de515a16e9187a67cdcf485350f,410,0,67162.0
12c9e6d35500d2a96fc2b22a9da8e3deb6048de515a16e9187a67cdcf485350f,411,0,41402.0
12c9e6d35500d2a96fc2b22a9da8e3deb6048de515a16e9187a67cdcf485350f,412,0,49279.0
12c9e6d35500d2a96fc2b22a9da8e3deb6048de515a16e9187a67cdcf485350f,413,0,50741.0
14330f4d364ba17e248e52cfa9bdff09844891c0a7bf7dbc49feddaf1fa9a5bc,398,0,15228.0
14330f4d364ba17e248e52cfa9bdff09844891c0a7bf7dbc49feddaf1fa9a5bc,400,0,15136.0
14330f4d364ba17e248e52cfa9bdff09844891c0a7bf7dbc49feddaf1fa9a5bc,403,0,15090.0
14330f4d364ba17e248e52cfa9bdff09844891c0a7bf7dbc49feddaf1fa9a5bc,404,0,15116.0
14330f4d364ba17e248e52cfa9bdff09844891c0a7bf7dbc49feddaf1fa9a5bc,405,0,15116.0
14330f4d364ba17e248e52cfa9bdff09844891c0a7bf7dbc49feddaf1fa9a5bc,407,0,15075.0
14330f4d364ba17e248e52cfa9bdff09844891c0a7bf7dbc49feddaf1fa9a5bc,411,0,15085.0
14330f4d364ba17e248e52cfa9bdff09844891c0a7bf7dbc49feddaf1fa9a5bc,413,0,15080.0
14330f4d364ba17e248e52cfa9bdff09844891c0a7bf7dbc49feddaf1fa9a5bc,424,0,15422.0
1561aa398ba8e89d167157d9d4cf6b2982e709f3b6be977b7c83b8b484642aff,398,0,34486.0
1561aa398ba8e89d167157d9d4cf6b2982e709f3b6be977b7c83b8b484642aff,400,0,34180.0
1561aa398ba8e89d167157d9d4cf6b2982e709f3b6be977b7c83b8b484642aff,403,0,34180.0
1561aa398ba8e89d167157d9d4cf6b2982e709f3b6be977b7c83b8b484642aff,404,0,34180.0
1561aa398ba8e89d167157d9d4cf6b2982e709f3b6be977b7c83b8b484642aff,405,0,33670.0
1561aa398ba8e89d167157d9d4cf6b2982e709f3b6be977b7c83b8b484642aff,406,0,34180.0
1561aa398ba8e89d167157d9d4cf6b2982e709f3b6be977b7c83b8b484642aff,410,0,34180.0
1561aa398ba8e89d167157d9d4cf6b2982e709f3b6be977b7c83b8b484642aff,418,0,34180.0
1561aa398ba8e89d167157d9d4cf6b2982e709f3b6be977b7c83b8b484642aff,420,0,34180.0
1561aa398ba8e89d167157d9d4cf6b2982e709f3b6be977b7c83b8b484642aff,421,0,34180.0
16fbc659bf1f2d26998be3a44b843c842cb9a753a229b4dd671bc55ddae89ffd,397,0,34445.0
18f7b156b986b061e560c003f987e4d178e189024433e3c9f72591a776f8bedc,411,0,10078.0
1a93961c8fa830a1f32f5316b44f4964d65397f0311b11d59b71b237f91fff21,398,4,3555.0
1a93961c8fa830a1f32f5316b44f4964d65397f0311b11d59b71b237f91fff21,425,4,3555.0
1aa1eee6f5c72f29d36b52b48bbffc455393ec13dbf884aa9a49e78ae0dad0f2,405,0,13595.0
1aa1eee6f5c72f29d36b52b48bbffc455393ec13dbf884aa9a49e78ae0dad0f2,413,0,13568.0
1ae1719fc78f717822512ebb4c15b49868cd75f78722ec5454503ef11293ec5a,420,4,71009.0
1c415752f9ce857c18d7c4e7350bdd269c76f393696483621ad5559445b9c70e,424,4,398487.0
1fb96943ae7e8561c7577f2d16a486e632c5d6345075adf84fae041f9a5bdf1b,417,0,10189.0
22f043b4f96fe1b44b628491d2707242b02d9dd48006612bdd2823764b9911f4,399,0,10140.0
22f043b4f96fe1b44b628491d2707242b02d9dd48006612bdd2823764b9911f4,403,4,101398.0
235fc2d993edddded8510d46ebd3928382423b7e0d6a728c4f41bfe3b3aa9d34,397,0,63048.0
235fc2d993edddded8510d46ebd3928382423b7e0d6a728c4f41bfe3b3aa9d34,399,0,67220.0
235fc2d993edddded8510d46ebd3928382423b7e0d6a728c4f41bfe3b3aa9d34,400,0,67126.0
235fc2d993edddded8510d46ebd3928382423b7e0d6a728c4f41bfe3b3aa9d34,403,0,68302.0
235fc2d993edddded8510d46ebd3928382423b7e0d6a728c4f41bfe3b3aa9d34,404,0,69091.0
24080f2550d503bddbeea3a9691ca3d8e2f9b3d247d0bde5c2f565fa97f882eb,410,0,59359.0
2432456794234739664c8615fa02904e03900ba460b71333bf139dfa757382a8,400,0,9168.0
2432456794234739664c8615fa02904e03900ba460b71333bf139dfa757382a8,407,0,12059.0
2432456794234739664c8615fa02904e03900ba460b71333bf139dfa757382a8,414,0,12234.0
2b58169b07abdcb484bba325b03061aec9e02c89d9cafecdeda25008d8a968d0,397,0,35688.0
2b58169b07abdcb484bba325b03061aec9e02c89d9cafecdeda25008d8a968d0,398,0,35873.0
2b58169b07abdcb484bba325b03061aec9e02c89d9cafecdeda25008d8a968d0,400,0,35979.0
2b58169b07abdcb484bba325b03061aec9e02c89d9cafecdeda25008d8a968d0,403,0,37468.0
2b58169b07abdcb484bba325b03061aec9e02c89d9cafecdeda25008d8a968d0,404,0,37873.0
2b58169b07abdcb484bba325b03061aec9e02c89d9cafecdeda25008d8a968d0,406,0,38086.0
2c1e4eec48c1d95f03b16ac03353337cf78deef42374e82498f8057c625b794f,403,3,1526.0
2cfc3ad87141aab254bc667d0ecc7fa6f33c29a1af6ec673bd6d54a33eeebc79,418,0,14649.0
2cfc3ad87141aab254bc667d0ecc7fa6f33c29a1af6ec673bd6d54a33eeebc79,419,0,14975.0
2cfc3ad87141aab254bc667d0ecc7fa6f33c29a1af6ec673bd6d54a33eeebc79,425,0,9731.0
2ef57c04cd3a8eae86aa2f081f941cc9a7f7d10995daf88bac97725c5f5af0f0,397,0,69323.0
2ef57c04cd3a8eae86aa2f081f941cc9a7f7d10995daf88bac97725c5f5af0f0,399,0,69529.0
2ef57c04cd3a8eae86aa2f081f941cc9a7f7d10995daf88bac97725c5f5af0f0,400,0,69219.0
2ef57c04cd3a8eae86aa2f081f941cc9a7f7d10995daf88bac97725c5f5af0f0,403,0,86447.0
2ef57c04cd3a8eae86aa2f081f941cc9a7f7d10995daf88bac97725c5f5af0f0,404,0,34249.0
2ef57c04cd3a8eae86aa2f081f941cc9a7f7d10995daf88bac97725c5f5af0f0,405,0,34661.0
2ef57c04cd3a8eae86aa2f081f941cc9a7f7d10995daf88bac97725c5f5af0f0,410,0,34197.0
2ef57c04cd3a8eae86aa2f081f941cc9a7f7d10995daf88bac97725c5f5af0f0,421,0,34558.0
2ef57c04cd3a8eae86aa2f081f941cc9a7f7d10995daf88bac97725c5f5af0f0,425,0,35074.0
30c00ac8f2a5ac774f41f60dba8e841a35d0b9c7084de746a74317a743755a64,403,0,13010.0
317ffa21b14f16b2b0aa6b3b204cb93e82c7505a9e170ff238b113fb01341a93,404,0,15092.0
317ffa21b14f16b2b0aa6b3b204cb93e82c7505a9e170ff238b113fb01341a93,406,0,15092.0
33e5c111ee0e4e8a73181c2738402bc465222ff02b8ed42286733c0a3a87acfd,400,0,50602.0
33e5c111ee0e4e8a73181c2738402bc465222ff02b8ed42286733c0a3a87acfd,403,0,64018.0
33e5c111ee0e4e8a73181c2738402bc465222ff02b8ed42286733c0a3a87acfd,410,0,47080.0
33e5c111ee0e4e8a73181c2738402bc465222ff02b8ed42286733c0a3a87acfd,414,0,47556.0
33e5c111ee0e4e8a73181c2738402bc465222ff02b8ed42286733c0a3a87acfd,418,0,38887.0
33e5c111ee0e4e8a73181c2738402bc465222ff02b8ed42286733c0a3a87acfd,420,0,2099.0
33e5c111ee0e4e8a73181c2738402bc465222ff02b8ed42286733c0a3a87acfd,424,0,74021.0
33e5c111ee0e4e8a73181c2738402bc465222ff02b8ed42286733c0a3a87acfd,425,0,4001.0
33ff49ea8a07c6d1b7cc203dcc3638ebde62dfb960a1697c8e5a55dffefc1cb6,397,0,34991.0
33ff49ea8a07c6d1b7cc203dcc3638ebde62dfb960a1697c8e5a55dffefc1cb6,398,0,34991.0
33ff49ea8a07c6d1b7cc203dcc3638ebde62dfb960a1697c8e5a55dffefc1cb6,400,0,34814.0
33ff49ea8a07c6d1b7cc203dcc3638ebde62dfb960a1697c8e5a55dffefc1cb6,403,0,34732.0
33ff49ea8a07c6d1b7cc203dcc3638ebde62dfb960a1697c8e5a55dffefc1cb6,404,0,34790.0
33ff49ea8a07c6d1b7cc203dcc3638ebde62dfb960a1697c8e5a55dffefc1cb6,405,0,33584.0
33ff49ea8a07c6d1b7cc203dcc3638ebde62dfb960a1697c8e5a55dffefc1cb6,406,0,34639.0
33ff49ea8a07c6d1b7cc203dcc3638ebde62dfb960a1697c8e5a55dffefc1cb6,407,0,34662.0
33ff49ea8a07c6d1b7cc203dcc3638ebde62dfb960a1697c8e5a55dffefc1cb6,410,0,34674.0
33ff49ea8a07c6d1b7cc203dcc3638ebde62dfb960a1697c8e5a55dffefc1cb6,411,0,33515.0
33ff49ea8a07c6d1b7cc203dcc3638ebde62dfb960a1697c8e5a55dffefc1cb6,412,0,34790.0
33ff49ea8a07c6d1b7cc203dcc3638ebde62dfb960a1697c8e5a55dffefc1cb6,414,0,34861.0
33ff49ea8a07c6d1b7cc203dcc3638ebde62dfb960a1697c8e5a55dffefc1cb6,417,0,34884.0
33ff49ea8a07c6d1b7cc203dcc3638ebde62dfb960a1697c8e5a55dffefc1cb6,419,0,34967.0
33ff49ea8a07c6d1b7cc203dcc3638ebde62dfb960a1697c8e5a55dffefc1cb6,421,0,35217.0
33ff49ea8a07c6d1b7cc203dcc3638ebde62dfb960a1697c8e5a55dffefc1cb6,425,0,35581.0
36586210d146ac7ed8b59044cb10bd599037a1d37d6ea1b8c7ec6d573ec082a8,398,0,34442.0
36586210d146ac7ed8b59044cb10bd599037a1d37d6ea1b8c7ec6d573ec082a8,400,0,34269.0
36586210d146ac7ed8b59044cb10bd599037a1d37d6ea1b8c7ec6d573ec082a8,403,0,34188.0
36586210d146ac7ed8b59044cb10bd599037a1d37d6ea1b8c7ec6d573ec082a8,404,0,34246.0
36586210d146ac7ed8b59044cb10bd599037a1d37d6ea1b8c7ec6d573ec082a8,405,0,34257.0
36586210d146ac7ed8b59044cb10bd599037a1d37d6ea1b8c7ec6d573ec082a8,407,0,40929.0
36586210d146ac7ed8b59044cb10bd599037a1d37d6ea1b8c7ec6d573ec082a8,410,0,40957.0
36586210d146ac7ed8b59044cb10bd599037a1d37d6ea1b8c7ec6d573ec082a8,411,0,41067.0
36586210d146ac7ed8b59044cb10bd599037a1d37d6ea1b8c7ec6d573ec082a8,412,0,41095.0
3b57db24e8572d5f6484486233e7e80fa0f995b659e892bc866fab2b5c5de8c3,405,4,30545.0
3fb96f119ee566a46b0d3646a4ac87cb08acc6d8192dceacc5b0f0c16f5e4763,413,4,12416.0
42f397e393810cdec53ec2928d63f373ead515a76326977210bafe79aac1f9ee,399,0,12224.0
42f397e393810cdec53ec2928d63f373ead515a76326977210bafe79aac1f9ee,404,0,12113.0
42f397e393810cdec53ec2928d63f373ead515a76326977210bafe79aac1f9ee,411,0,12138.0
42f397e393810cdec53ec2928d63f373ead515a76326977210bafe79aac1f9ee,418,0,12294.0
43580aa15385bb075b636f054d52bdd184eca4f00566ebd752db1a425cdbc173,417,4,20908.0
47a8c256c1df3f3560a69d3b91225cb78a52faf554854f63c79759d5f5cb27bb,397,0,32526.0
47a8c256c1df3f3560a69d3b91225cb78a52faf554854f63c79759d5f5cb27bb,400,0,34075.0
47a8c256c1df3f3560a69d3b91225cb78a52faf554854f63c79759d5f5cb27bb,403,0,34075.0
47a8c256c1df3f3560a69d3b91225cb78a52faf554854f63c79759d5f5cb27bb,404,0,34075.0
48b347d793207932440297d978088d5aa2cb6792b769beb2774a772e55a566ad,397,0,31787.0
48b347d793207932440297d978088d5aa2cb6792b769beb2774a772e55a566ad,398,0,33565.0
48b347d793207932440297d978088d5aa2cb6792b769beb2774a772e55a566ad,399,0,32195.0
48b347d793207932440297d978088d5aa2cb6792b769beb2774a772e55a566ad,404,0,31562.0
48b347d793207932440297d978088d5aa2cb6792b769beb2774a772e55a566ad,411,4,31314.0
48b347d793207932440297d978088d5aa2cb6792b769beb2774a772e55a566ad,418,4,45182.0
48b347d793207932440297d978088d5aa2cb6792b769beb2774a772e55a566ad,424,4,30120.0
4974cd07394c019c0dc9ba01e949ac581e65e5aa74e4392dece7e8a1f292e6e3,397,0,15842.0
4974cd07394c019c0dc9ba01e949ac581e65e5aa74e4392dece7e8a1f292e6e3,398,0,15821.0
4974cd07394c019c0dc9ba01e949ac581e65e5aa74e4392dece7e8a1f292e6e3,400,0,15730.0
4974cd07394c019c0dc9ba01e949ac581e65e5aa74e4392dece7e8a1f292e6e3,403,0,15703.0
4974cd07394c019c0dc9ba01e949ac581e65e5aa74e4392dece7e8a1f292e6e3,404,0,15730.0
49a742dd1262035093d108d4808bddebcad01f3490b0091018bc924cda60a732,424,4,54579.0
4a2a613e020a04356a4c1e5fae4b1ebfbedb7227dd92d62b29e059f5702ba913,412,3,53072.0
4b23ae623b12c1310b25b616d0211f99d57248c2a3a6b7cb3b669817c198152d,400,0,41034.0
4b23ae623b12c1310b25b616d0211f99d57248c2a3a6b7cb3b669817c198152d,404,0,41034.0
4b23ae623b12c1310b25b616d0211f99d57248c2a3a6b7cb3b669817c198152d,405,0,42459.0
4b23ae623b12c1310b25b616d0211f99d57248c2a3a6b7cb3b669817c198152d,410,0,42256.0
4b23ae623b12c1310b25b616d0211f99d57248c2a3a6b7cb3b669817c198152d,421,0,43274.0
4c5f12f17cb8dca07c2e2b78b6f8ee798f6d98a35f80fc0d2e5184ff4b01c527,400,0,38458.0
4c5f12f17cb8dca07c2e2b78b6f8ee798f6d98a35f80fc0d2e5184ff4b01c527,404,0,58495.0
4c5f12f17cb8dca07c2e2b78b6f8ee798f6d98a35f80fc0d2e5184ff4b01c527,406,0,31756.0
4c5f12f17cb8dca07c2e2b78b6f8ee798f6d98a35f80fc0d2e5184ff4b01c527,406,0,58564.0
4c5f12f17cb8dca07c2e2b78b6f8ee798f6d98a35f80fc0d2e5184ff4b01c527,411,0,91364.0
4c5f12f17cb8dca07c2e2b78b6f8ee798f6d98a35f80fc0d2e5184ff4b01c527,414,0,66649.0
4c5f12f17cb8dca07c2e2b78b6f8ee798f6d98a35f80fc0d2e5184ff4b01c527,419,0,25938.0
4c5f12f17cb8dca07c2e2b78b6f8ee798f6d98a35f80fc0d2e5184ff4b01c527,420,0,67217.0
4c5f12f17cb8dca07c2e2b78b6f8ee798f6d98a35f80fc0d2e5184ff4b01c527,421,0,67944.0
4c5f12f17cb8dca07c2e2b78b6f8ee798f6d98a35f80fc0d2e5184ff4b01c527,424,0,34643.0
4c5f12f17cb8dca07c2e2b78b6f8ee798f6d98a35f80fc0d2e5184ff4b01c527,425,0,34287.0
4cdf55dd8323f7136a77702983065973c5f5c1f2e1ecb3a39e6ffd9e6ba4a940,397,0,14292.0
4cdf55dd8323f7136a77702983065973c5f5c1f2e1ecb3a39e6ffd9e6ba4a940,399,0,14315.0
4cdf55dd8323f7136a77702983065973c5f5c1f2e1ecb3a39e6ffd9e6ba4a940,403,0,8457.0
4cdf55dd8323f7136a77702983065973c5f5c1f2e1ecb3a39e6ffd9e6ba4a940,405,0,14548.0
4cdf55dd8323f7136a77702983065973c5f5c1f2e1ecb3a39e6ffd9e6ba4a940,407,0,9444.0
4cdf55dd8323f7136a77702983065973c5f5c1f2e1ecb3a39e6ffd9e6ba4a940,410,0,5058.0
4cdf55dd8323f7136a77702983065973c5f5c1f2e1ecb3a39e6ffd9e6ba4a940,411,0,9444.0
4cdf55dd8323f7136a77702983065973c5f5c1f2e1ecb3a39e6ffd9e6ba4a940,414,0,13867.0
4cdf55dd8323f7136a77702983065973c5f5c1f2e1ecb3a39e6ffd9e6ba4a940,421,0,7980.0
4e4916c478a767bc0d5a24cfa2cd3e96b30ea8fcc7235079428c70739b822b70,397,0,68057.0
4e4916c478a767bc0d5a24cfa2cd3e96b30ea8fcc7235079428c70739b822b70,398,0,68057.0
4e4916c478a767bc0d5a24cfa2cd3e96b30ea8fcc7235079428c70739b822b70,399,0,68173.0
4e4916c478a767bc0d5a24cfa2cd3e96b30ea8fcc7235079428c70739b822b70,400,0,66688.0
4e4916c478a767bc0d5a24cfa2cd3e96b30ea8fcc7235079428c70739b822b70,403,0,68237.0
4e4916c478a767bc0d5a24cfa2cd3e96b30ea8fcc7235079428c70739b822b70,404,0,67844.0
4e4916c478a767bc0d5a24cfa2cd3e96b30ea8fcc7235079428c70739b822b70,405,0,67668.0
4e4916c478a767bc0d5a24cfa2cd3e96b30ea8fcc7235079428c70739b822b70,407,0,67493.0
4e4916c478a767bc0d5a24cfa2cd3e96b30ea8fcc7235079428c70739b822b70,410,0,67441.0
4e4916c478a767bc0d5a24cfa2cd3e96b30ea8fcc7235079428c70739b822b70,411,0,67622.0
4e4916c478a767bc0d5a24cfa2cd3e96b30ea8fcc7235079428c70739b822b70,413,0,67509.0
4e4916c478a767bc0d5a24cfa2cd3e96b30ea8fcc7235079428c70739b822b70,417,0,67394.0
4e4916c478a767bc0d5a24cfa2cd3e96b30ea8fcc7235079428c70739b822b70,421,0,68358.0
4e4916c478a767bc0d5a24cfa2cd3e96b30ea8fcc7235079428c70739b822b70,425,0,69229.0
5064baf3657deb3fcbad37374eaf3f8791be657af0fb5302e61665c4f3f64930,397,0,113847.0
5064baf3657deb3fcbad37374eaf3f8791be657af0fb5302e61665c4f3f64930,398,0,113882.0
5064baf3657deb3fcbad37374eaf3f8791be657af0fb5302e61665c4f3f64930,399,0,114002.0
5064baf3657deb3fcbad37374eaf3f8791be657af0fb5302e61665c4f3f64930,400,0,150979.0
5064baf3657deb3fcbad37374eaf3f8791be657af0fb5302e61665c4f3f64930,403,0,133552.0
5064baf3657deb3fcbad37374eaf3f8791be657af0fb5302e61665c4f3f64930,404,0,161201.0
5064baf3657deb3fcbad37374eaf3f8791be657af0fb5302e61665c4f3f64930,405,0,120056.0
5064baf3657deb3fcbad37374eaf3f8791be657af0fb5302e61665c4f3f64930,407,0,112854.0
5064baf3657deb3fcbad37374eaf3f8791be657af0fb5302e61665c4f3f64930,410,0,112816.0
5064baf3657deb3fcbad37374eaf3f8791be657af0fb5302e61665c4f3f64930,411,0,112979.0
52ae0057ef14fb63f4428ffd8a57e8e14b598dad0f638420d08ee1c2c3e58b8d,397,0,67228.0
54120a833a4e411f5e15fd3fbdf32e9cd66e000cd6f5ba24bc910ce5e3d46275,397,0,38099.0
56c54246295db022623515854e7c94767c88dd18c89f8ef20d8263c066ca2375,405,0,34303.0
56c54246295db022623515854e7c94767c88dd18c89f8ef20d8263c066ca2375,406,0,34201.0
56c54246295db022623515854e7c94767c88dd18c89f8ef20d8263c066ca2375,407,0,34201.0
56c54246295db022623515854e7c94767c88dd18c89f8ef20d8263c066ca2375,410,0,34098.0
56c54246295db022623515854e7c94767c88dd18c89f8ef20d8263c066ca2375,411,0,34201.0
56c54246295db022623515854e7c94767c88dd18c89f8ef20d8263c066ca2375,412,0,34303.0
56c54246295db022623515854e7c94767c88dd18c89f8ef20d8263c066ca2375,413,0,34201.0
56c54246295db022623515854e7c94767c88dd18c89f8ef20d8263c066ca2375,417,0,34303.0
572b5876cbee82debdc9ac0c18945a0b85c0017a7e6a4897e7cf735d9585c483,397,1,29.0
572b5876cbee82debdc9ac0c18945a0b85c0017a7e6a4897e7cf735d9585c483,397,1,3.0
572b5876cbee82debdc9ac0c18945a0b85c0017a7e6a4897e7cf735d9585c483,397,1,19.0
572b5876cbee82debdc9ac0c18945a0b85c0017a7e6a4897e7cf735d9585c483,398,1,42.0
572b5876cbee82debdc9ac0c18945a0b85c0017a7e6a4897e7cf735d9585c483,398,1,29.0
572b5876cbee82debdc9ac0c18945a0b85c0017a7e6a4897e7cf735d9585c483,399,1,21.0
572b5876cbee82debdc9ac0c18945a0b85c0017a7e6a4897e7cf735d9585c483,399,1,27.0
572b5876cbee82debdc9ac0c18945a0b85c0017a7e6a4897e7cf735d9585c483,399,1,1.0
572b5876cbee82debdc9ac0c18945a0b85c0017a7e6a4897e7cf735d9585c483,399,1,8.0
572b5876cbee82debdc9ac0c18945a0b85c0017a7e6a4897e7cf735d9585c483,399,1,5.0
572b5876cbee82debdc9ac0c18945a0b85c0017a7e6a4897e7cf735d9585c483,399,1,21.0
572b5876cbee82debdc9ac0c18945a0b85c0017a7e6a4897e7cf735d9585c483,400,1,82.0
572b5876cbee82debdc9ac0c18945a0b85c0017a7e6a4897e7cf735d9585c483,400,1,25.0
572b5876cbee82debdc9ac0c18945a0b85c0017a7e6a4897e7cf735d9585c483,403,1,6163.0
572b5876cbee82debdc9ac0c18945a0b85c0017a7e6a4897e7cf735d9585c483,404,1,1079.0
572b5876cbee82debdc9ac0c18945a0b85c0017a7e6a4897e7cf735d9585c483,404,1,825.0
572b5876cbee82debdc9ac0c18945a0b85c0017a7e6a4897e7cf735d9585c483,405,1,633.0
572b5876cbee82debdc9ac0c18945a0b85c0017a7e6a4897e7cf735d9585c483,405,1,621.0
572b5876cbee82debdc9ac0c18945a0b85c0017a7e6a4897e7cf735d9585c483,406,1,514.0
572b5876cbee82debdc9ac0c18945a0b85c0017a7e6a4897e7cf735d9585c483,406,1,1255.0
572b5876cbee82debdc9ac0c18945a0b85c0017a7e6a4897e7cf735d9585c483,407,1,103.0
572b5876cbee82debdc9ac0c18945a0b85c0017a7e6a4897e7cf735d9585c483,407,1,201.0
572b5876cbee82debdc9ac0c18945a0b85c0017a7e6a4897e7cf735d9585c483,407,1,66.0
572b5876cbee82debdc9ac0c18945a0b85c0017a7e6a4897e7cf735d9585c483,410,1,89.0
572b5876cbee82debdc9ac0c18945a0b85c0017a7e6a4897e7cf735d9585c483,410,1,9.0
572b5876cbee82debdc9ac0c18945a0b85c0017a7e6a4897e7cf735d9585c483,410,1,29.0
572b5876cbee82debdc9ac0c18945a0b85c0017a7e6a4897e7cf735d9585c483,411,1,642.0
572b5876cbee82debdc9ac0c18945a0b85c0017a7e6a4897e7cf735d9585c483,411,1,27.0
572b5876cbee82debdc9ac0c18945a0b85c0017a7e6a4897e7cf735d9585c483,412,1,13.0
572b5876cbee82debdc9ac0c18945a0b85c0017a7e6a4897e7cf735d9585c483,412,1,1033.0
572b5876cbee82debdc9ac0c18945a0b85c0017a7e6a4897e7cf735d9585c483,412,1,17.0
572b5876cbee82debdc9ac0c18945a0b85c0017a7e6a4897e7cf735d9585c483,412,1,648.0
572b5876cbee82debdc9ac0c18945a0b85c0017a7e6a4897e7cf735d9585c483,412,1,383.0
572b5876cbee82debdc9ac0c18945a0b85c0017a7e6a4897e7cf735d9585c483,412,1,4.0
572b5876cbee82debdc9ac0c18945a0b85c0017a7e6a4897e7cf735d9585c483,413,1,1770.0
572b5876cbee82debdc9ac0c18945a0b85c0017a7e6a4897e7cf735d9585c483,413,1,15412.0
572b5876cbee82debdc9ac0c18945a0b85c0017a7e6a4897e7cf735d9585c483,414,1,1052.0
572b5876cbee82debdc9ac0c18945a0b85c0017a7e6a4897e7cf735d9585c483,414,1,1264.0
572b5876cbee82debdc9ac0c18945a0b85c0017a7e6a4897e7cf735d9585c483,414,1,652.0
572b5876cbee82debdc9ac0c18945a0b85c0017a7e6a4897e7cf735d9585c483,414,1,1928.0
572b5876cbee82debdc9ac0c18945a0b85c0017a7e6a4897e7cf735d9585c483,414,1,9245.0
572b5876cbee82debdc9ac0c18945a0b85c0017a7e6a4897e7cf735d9585c483,414,1,7.0
572b5876cbee82debdc9ac0c18945a0b85c0017a7e6a4897e7cf735d9585c483,414,1,30.0
572b5876cbee82debdc9ac0c18945a0b85c0017a7e6a4897e7cf735d9585c483,417,1,58.0
572b5876cbee82debdc9ac0c18945a0b85c0017a7e6a4897e7cf735d9585c483,417,1,16.0
572b5876cbee82debdc9ac0c18945a0b85c0017a7e6a4897e7cf735d9585c483,417,1,14.0
572b5876cbee82debdc9ac0c18945a0b85c0017a7e6a4897e7cf735d9585c483,418,1,663.0
572b5876cbee82debdc9ac0c18945a0b85c0017a7e6a4897e7cf735d9585c483,418,1,105.0
572b5876cbee82debdc9ac0c18945a0b85c0017a7e6a4897e7cf735d9585c483,418,1,3134.0
572b5876cbee82debdc9ac0c18945a0b85c0017a7e6a4897e7cf735d9585c483,418,1,127.0
572b5876cbee82debdc9ac0c18945a0b85c0017a7e6a4897e7cf735d9585c483,419,1,51.0
572b5876cbee82debdc9ac0c18945a0b85c0017a7e6a4897e7cf735d9585c483,420,1,53.0
572b5876cbee82debdc9ac0c18945a0b85c0017a7e6a4897e7cf735d9585c483,420,1,800.0
572b5876cbee82debdc9ac0c18945a0b85c0017a7e6a4897e7cf735d9585c483,420,1,994.0
572b5876cbee82debdc9ac0c18945a0b85c0017a7e6a4897e7cf735d9585c483,421,1,31.0
572b5876cbee82debdc9ac0c18945a0b85c0017a7e6a4897e7cf735d9585c483,421,1,43673.0
572b5876cbee82debdc9ac0c18945a0b85c0017a7e6a4897e7cf735d9585c483,421,1,103.0
572b5876cbee82debdc9ac0c18945a0b85c0017a7e6a4897e7cf735d9585c483,421,1,0.0
572b5876cbee82debdc9ac0c18945a0b85c0017a7e6a4897e7cf735d9585c483,424,1,781.0
572b5876cbee82debdc9ac0c18945a0b85c0017a7e6a4897e7cf735d9585c483,424,1,390.0
572b5876cbee82debdc9ac0c18945a0b85c0017a7e6a4897e7cf735d9585c483,424,1,161.0
572b5876cbee82debdc9ac0c18945a0b85c0017a7e6a4897e7cf735d9585c483,424,1,53421.0
572b5876cbee82debdc9ac0c18945a0b85c0017a7e6a4897e7cf735d9585c483,424,1,429.0
572b5876cbee82debdc9ac0c18945a0b85c0017a7e6a4897e7cf735d9585c483,424,1,1330.0
572b5876cbee82debdc9ac0c18945a0b85c0017a7e6a4897e7cf735d9585c483,425,1,662.0
572b5876cbee82debdc9ac0c18945a0b85c0017a7e6a4897e7cf735d9585c483,425,1,798.0
572b5876cbee82debdc9ac0c18945a0b85c0017a7e6a4897e7cf735d9585c483,425,1,67.0
572b5876cbee82debdc9ac0c18945a0b85c0017a7e6a4897e7cf735d9585c483,425,1,662.0
572b5876cbee82debdc9ac0c18945a0b85c0017a7e6a4897e7cf735d9585c483,425,1,390.0
572b5876cbee82debdc9ac0c18945a0b85c0017a7e6a4897e7cf735d9585c483,425,1,798.0
5742b1dcfccc74572ee956591728bab60f3a931e3beb4ac17a3287c0ae2952ce,398,0,28709.0
5742b1dcfccc74572ee956591728bab60f3a931e3beb4ac17a3287c0ae2952ce,399,0,31237.0
5742b1dcfccc74572ee956591728bab60f3a931e3beb4ac17a3287c0ae2952ce,400,0,31005.0
5742b1dcfccc74572ee956591728bab60f3a931e3beb4ac17a3287c0ae2952ce,403,0,30952.0
5742b1dcfccc74572ee956591728bab60f3a931e3beb4ac17a3287c0ae2952ce,404,0,31005.0
59137878114c4210c5f28a49b0e6ae754c0e42387a43025eafb09f04d48cb082,397,0,65994.0
5b88dc53a11b8ff67ec84c49def6d8f63dab2e1f4e2b71f49b796d08651f02ce,411,4,43469.0
5da5ec815c6888e6a5aa7301f71aaa61b4d28a8962b9654d64e0050e5b05ca79,410,4,62536.0
5da5ec815c6888e6a5aa7301f71aaa61b4d28a8962b9654d64e0050e5b05ca79,412,0,62537.0
5dbfbc6b57567e2c945b0cb92c4e14be4211415f8e1d64527298a960c3fbe318,397,0,3906.0
5dbfbc6b57567e2c945b0cb92c4e14be4211415f8e1d64527298a960c3fbe318,398,0,53025.0
5dbfbc6b57567e2c945b0cb92c4e14be4211415f8e1d64527298a960c3fbe318,399,0,53109.0
5dbfbc6b57567e2c945b0cb92c4e14be4211415f8e1d64527298a960c3fbe318,400,0,58296.0
5dbfbc6b57567e2c945b0cb92c4e14be4211415f8e1d64527298a960c3fbe318,403,0,56595.0
5dbfbc6b57567e2c945b0cb92c4e14be4211415f8e1d64527298a960c3fbe318,405,0,56490.0
5dbfbc6b57567e2c945b0cb92c4e14be4211415f8e1d64527298a960c3fbe318,407,0,56637.0
6327be1ce7b34d700f562265de483e53b52082c423066358d65e9b9b6aa9693b,397,0,103337.0
6327be1ce7b34d700f562265de483e53b52082c423066358d65e9b9b6aa9693b,399,0,135736.0
6327be1ce7b34d700f562265de483e53b52082c423066358d65e9b9b6aa9693b,400,0,135794.0
6327be1ce7b34d700f562265de483e53b52082c423066358d65e9b9b6aa9693b,403,0,122087.0
6327be1ce7b34d700f562265de483e53b52082c423066358d65e9b9b6aa9693b,404,0,137097.0
6327be1ce7b34d700f562265de483e53b52082c423066358d65e9b9b6aa9693b,413,1,34279.0
6327be1ce7b34d700f562265de483e53b52082c423066358d65e9b9b6aa9693b,417,1,34322.0
6327be1ce7b34d700f562265de483e53b52082c423066358d65e9b9b6aa9693b,421,1,34567.0
6327be1ce7b34d700f562265de483e53b52082c423066358d65e9b9b6aa9693b,424,1,17436.0
6327be1ce7b34d700f562265de483e53b52082c423066358d65e9b9b6aa9693b,425,1,17491.0
63931cf4b172529673ed4cb1e490365f06c4b30991051c4a2fdfc8df41501dfd,417,3,36986.0
670c37a5d5b00c24938a6df45159a59a182ee87338cf90ae37e6775071df06bc,404,3,895371.0
67657692d6856504a9ab96bae3bbb21effe7f59f8aa0a4f34b305c032b68e54e,397,0,46692.0
67657692d6856504a9ab96bae3bbb21effe7f59f8aa0a4f34b305c032b68e54e,398,0,51880.0
67657692d6856504a9ab96bae3bbb21effe7f59f8aa0a4f34b305c032b68e54e,399,0,51880.0
67657692d6856504a9ab96bae3bbb21effe7f59f8aa0a4f34b305c032b68e54e,400,0,51880.0
67657692d6856504a9ab96bae3bbb21effe7f59f8aa0a4f34b305c032b68e54e,403,0,51880.0
67657692d6856504a9ab96bae3bbb21effe7f59f8aa0a4f34b305c032b68e54e,404,0,51880.0
67657692d6856504a9ab96bae3bbb21effe7f59f8aa0a4f34b305c032b68e54e,405,0,51880.0
67657692d6856504a9ab96bae3bbb21effe7f59f8aa0a4f34b305c032b68e54e,407,0,51880.0
67657692d6856504a9ab96bae3bbb21effe7f59f8aa0a4f34b305c032b68e54e,410,0,51880.0
67657692d6856504a9ab96bae3bbb21effe7f59f8aa0a4f34b305c032b68e54e,411,0,46692.0
67657692d6856504a9ab96bae3bbb21effe7f59f8aa0a4f34b305c032b68e54e,412,0,51880.0
67657692d6856504a9ab96bae3bbb21effe7f59f8aa0a4f34b305c032b68e54e,413,0,46692.0
67657692d6856504a9ab96bae3bbb21effe7f59f8aa0a4f34b305c032b68e54e,414,0,51880.0
67657692d6856504a9ab96bae3bbb21effe7f59f8aa0a4f34b305c032b68e54e,417,0,51880.0
67657692d6856504a9ab96bae3bbb21effe7f59f8aa0a4f34b305c032b68e54e,418,0,51880.0
67657692d6856504a9ab96bae3bbb21effe7f59f8aa0a4f34b305c032b68e54e,419,0,51880.0
67657692d6856504a9ab96bae3bbb21effe7f59f8aa0a4f34b305c032b68e54e,420,0,51880.0
67657692d6856504a9ab96bae3bbb21effe7f59f8aa0a4f34b305c032b68e54e,421,0,51880.0
67657692d6856504a9ab96bae3bbb21effe7f59f8aa0a4f34b305c032b68e54e,425,0,46692.0
6a81ae48985c3ee14d66f1d1c32ca49dbd647aa2c84bd76b86c851a0c6bc46ef,397,0,28190.0
6a81ae48985c3ee14d66f1d1c32ca49dbd647aa2c84bd76b86c851a0c6bc46ef,398,0,28812.0
6a81ae48985c3ee14d66f1d1c32ca49dbd647aa2c84bd76b86c851a0c6bc46ef,399,0,28906.0
6a81ae48985c3ee14d66f1d1c32ca49dbd647aa2c84bd76b86c851a0c6bc46ef,400,0,29387.0
6a81ae48985c3ee14d66f1d1c32ca49dbd647aa2c84bd76b86c851a0c6bc46ef,403,0,29454.0
6bca6f93b8059ec294ad2379cc46471e360fbe95f0cd0379eca355aef290c0b6,397,0,60918.0
6bca6f93b8059ec294ad2379cc46471e360fbe95f0cd0379eca355aef290c0b6,398,0,61123.0
6bca6f93b8059ec294ad2379cc46471e360fbe95f0cd0379eca355aef290c0b6,400,0,61021.0
6bca6f93b8059ec294ad2379cc46471e360fbe95f0cd0379eca355aef290c0b6,404,0,61226.0
6bca6f93b8059ec294ad2379cc46471e360fbe95f0cd0379eca355aef290c0b6,405,0,39587.0
6c34b16202200e3df19af917b12696a5f054a995e6e63b47770b346e8891ca0a,398,0,6434.0
6c34b16202200e3df19af917b12696a5f054a995e6e63b47770b346e8891ca0a,417,0,3574.0
6e6f5b01248225733924b2266ef461b08bd55890aab9035942a2827e8387498c,398,0,70745.0
6e6f5b01248225733924b2266ef461b08bd55890aab9035942a2827e8387498c,406,0,87800.0
6f5f0f91feddf414f5baf346387325ae9599645edde06a662b4140b0b0220770,397,0,34047.0
6f5f0f91feddf414f5baf346387325ae9599645edde06a662b4140b0b0220770,398,0,34047.0
6f5f0f91feddf414f5baf346387325ae9599645edde06a662b4140b0b0220770,400,0,33852.0
6f5f0f91feddf414f5baf346387325ae9599645edde06a662b4140b0b0220770,404,0,33761.0
6f5f0f91feddf414f5baf346387325ae9599645edde06a662b4140b0b0220770,411,0,33818.0
6f5f0f91feddf414f5baf346387325ae9599645edde06a662b4140b0b0220770,419,0,34001.0
6f5f0f91feddf414f5baf346387325ae9599645edde06a662b4140b0b0220770,420,0,34094.0
6f5f0f91feddf414f5baf346387325ae9599645edde06a662b4140b0b0220770,421,0,34244.0
6f5f0f91feddf414f5baf346387325ae9599645edde06a662b4140b0b0220770,425,0,34562.0
72ec6b14d252f886f351a41f1be683552b7bc84fd942ae41c0f9f96d862713d1,398,0,34703.0
72ec6b14d252f886f351a41f1be683552b7bc84fd942ae41c0f9f96d862713d1,399,0,34762.0
72ec6b14d252f886f351a41f1be683552b7bc84fd942ae41c0f9f96d862713d1,400,0,34505.0
72ec6b14d252f886f351a41f1be683552b7bc84fd942ae41c0f9f96d862713d1,403,0,34447.0
72ec6b14d252f886f351a41f1be683552b7bc84fd942ae41c0f9f96d862713d1,404,0,34857.0
74214c478dc6519fbefe4bc31693865bdcd698ab974b6435bb8fa842a3ed4fd8,397,0,66053.0
74214c478dc6519fbefe4bc31693865bdcd698ab974b6435bb8fa842a3ed4fd8,398,0,66228.0
74214c478dc6519fbefe4bc31693865bdcd698ab974b6435bb8fa842a3ed4fd8,400,0,66900.0
74214c478dc6519fbefe4bc31693865bdcd698ab974b6435bb8fa842a3ed4fd8,403,0,66605.0
74214c478dc6519fbefe4bc31693865bdcd698ab974b6435bb8fa842a3ed4fd8,404,0,66716.0
74214c478dc6519fbefe4bc31693865bdcd698ab974b6435bb8fa842a3ed4fd8,405,0,66716.0
74214c478dc6519fbefe4bc31693865bdcd698ab974b6435bb8fa842a3ed4fd8,407,0,78277.0
74214c478dc6519fbefe4bc31693865bdcd698ab974b6435bb8fa842a3ed4fd8,410,0,78960.0
74214c478dc6519fbefe4bc31693865bdcd698ab974b6435bb8fa842a3ed4fd8,412,0,34751.0
74214c478dc6519fbefe4bc31693865bdcd698ab974b6435bb8fa842a3ed4fd8,413,0,74536.0
74214c478dc6519fbefe4bc31693865bdcd698ab974b6435bb8fa842a3ed4fd8,417,0,71427.0
74214c478dc6519fbefe4bc31693865bdcd698ab974b6435bb8fa842a3ed4fd8,419,0,74030.0
74214c478dc6519fbefe4bc31693865bdcd698ab974b6435bb8fa842a3ed4fd8,420,0,79801.0
74214c478dc6519fbefe4bc31693865bdcd698ab974b6435bb8fa842a3ed4fd8,421,0,69646.0
74214c478dc6519fbefe4bc31693865bdcd698ab974b6435bb8fa842a3ed4fd8,424,0,80789.0
74214c478dc6519fbefe4bc31693865bdcd698ab974b6435bb8fa842a3ed4fd8,425,0,33417.0
7534782e76784a0167b5dc4605ede3017181a967dadb19df95f5b2b851062fe7,414,0,213462.0
7534782e76784a0167b5dc4605ede3017181a967dadb19df95f5b2b851062fe7,418,0,224213.0
7534782e76784a0167b5dc4605ede3017181a967dadb19df95f5b2b851062fe7,420,0,257605.0
7534782e76784a0167b5dc4605ede3017181a967dadb19df95f5b2b851062fe7,421,0,57030.0
75d922fb07706a28a127c2cc5cef07431d372fe6f1f1a73f3b79d1abfc370488,397,0,69627.0
75d922fb07706a28a127c2cc5cef07431d372fe6f1f1a73f3b79d1abfc370488,400,0,69228.0
75d922fb07706a28a127c2cc5cef07431d372fe6f1f1a73f3b79d1abfc370488,403,0,69112.0
75d922fb07706a28a127c2cc5cef07431d372fe6f1f1a73f3b79d1abfc370488,404,0,65767.0
75d922fb07706a28a127c2cc5cef07431d372fe6f1f1a73f3b79d1abfc370488,405,0,65767.0
75d922fb07706a28a127c2cc5cef07431d372fe6f1f1a73f3b79d1abfc370488,407,0,69019.0
7629f010080267f680a4ca9c6cac71c4d4d86933dcc7ed2f3625fde2c161e9de,397,0,35580.0
7629f010080267f680a4ca9c6cac71c4d4d86933dcc7ed2f3625fde2c161e9de,399,0,50155.0
7629f010080267f680a4ca9c6cac71c4d4d86933dcc7ed2f3625fde2c161e9de,400,0,50145.0
7629f010080267f680a4ca9c6cac71c4d4d86933dcc7ed2f3625fde2c161e9de,403,0,49735.0
7629f010080267f680a4ca9c6cac71c4d4d86933dcc7ed2f3625fde2c161e9de,404,0,49802.0
76de530e7a2e51a5eafb346c3c6d05bde1418b8064a7a70da52f16fe78346f9c,404,1,8258.0
7775aff6ca1af46f134a1536b1e63b9a4b0fee6e0961fd8025add4a1996ac4ba,411,0,17622.0
7775aff6ca1af46f134a1536b1e63b9a4b0fee6e0961fd8025add4a1996ac4ba,412,0,17645.0
7775aff6ca1af46f134a1536b1e63b9a4b0fee6e0961fd8025add4a1996ac4ba,419,0,17722.0
7775aff6ca1af46f134a1536b1e63b9a4b0fee6e0961fd8025add4a1996ac4ba,424,0,17966.0
79ce25fb849bd5f3b81d0f1fd1d6bb89b5e493b08d9e88d2bf27d0cda5cf39a1,421,4,81436.0
7b11104618d8caa65909eaac749c1a42594f3c891fe06212e04129dafb3e81f1,406,0,18457.0
7b11104618d8caa65909eaac749c1a42594f3c891fe06212e04129dafb3e81f1,406,0,16049.0
7b11104618d8caa65909eaac749c1a42594f3c891fe06212e04129dafb3e81f1,414,0,12067.0
7b11104618d8caa65909eaac749c1a42594f3c891fe06212e04129dafb3e81f1,417,0,36201.0
7b1ea66e757368e4b4371100aad46609c47499811b62a80507ba4006f0bbab32,397,0,17388.0
7b1ea66e757368e4b4371100aad46609c47499811b62a80507ba4006f0bbab32,398,0,17388.0
7b1ea66e757368e4b4371100aad46609c47499811b62a80507ba4006f0bbab32,400,0,17300.0
7b1ea66e757368e4b4371100aad46609c47499811b62a80507ba4006f0bbab32,403,0,17260.0
7b1ea66e757368e4b4371100aad46609c47499811b62a80507ba4006f0bbab32,404,0,17288.0
7b1ea66e757368e4b4371100aad46609c47499811b62a80507ba4006f0bbab32,405,0,17288.0
7b1ea66e757368e4b4371100aad46609c47499811b62a80507ba4006f0bbab32,413,0,17300.0
7b1ea66e757368e4b4371100aad46609c47499811b62a80507ba4006f0bbab32,414,0,17312.0
7b1ea66e757368e4b4371100aad46609c47499811b62a80507ba4006f0bbab32,417,0,17329.0
7b1ea66e757368e4b4371100aad46609c47499811b62a80507ba4006f0bbab32,419,0,17376.0
7b1ea66e757368e4b4371100aad46609c47499811b62a80507ba4006f0bbab32,421,0,17500.0
7b1ea66e757368e4b4371100aad46609c47499811b62a80507ba4006f0bbab32,424,0,12343.0
7c37f3bf824a79d44aec8a7576691dc98c58e8bbc453b5c3e4a2c809b8e1b46a,397,0,55153.0
7c37f3bf824a79d44aec8a7576691dc98c58e8bbc453b5c3e4a2c809b8e1b46a,398,0,59324.0
7c37f3bf824a79d44aec8a7576691dc98c58e8bbc453b5c3e4a2c809b8e1b46a,399,0,51452.0
7c37f3bf824a79d44aec8a7576691dc98c58e8bbc453b5c3e4a2c809b8e1b46a,400,0,16563.0
7c37f3bf824a79d44aec8a7576691dc98c58e8bbc453b5c3e4a2c809b8e1b46a,403,0,16702.0
7c37f3bf824a79d44aec8a7576691dc98c58e8bbc453b5c3e4a2c809b8e1b46a,404,0,16783.0
7c37f3bf824a79d44aec8a7576691dc98c58e8bbc453b5c3e4a2c809b8e1b46a,405,0,20907.0
7c37f3bf824a79d44aec8a7576691dc98c58e8bbc453b5c3e4a2c809b8e1b46a,406,0,34159.0
7c37f3bf824a79d44aec8a7576691dc98c58e8bbc453b5c3e4a2c809b8e1b46a,407,0,17251.0
7c37f3bf824a79d44aec8a7576691dc98c58e8bbc453b5c3e4a2c809b8e1b46a,411,0,34913.0
7c37f3bf824a79d44aec8a7576691dc98c58e8bbc453b5c3e4a2c809b8e1b46a,421,0,33792.0
7d3f438c40a239aae54ae069274caa987d2528fb0879b5dbbe93120e89e3ab10,405,4,3201.0
7f69fa9eab8f397d367e2bb61ee1fa008999a0aab91e061e8f4bfe25fb35807d,399,4,9671.0
7f69fa9eab8f397d367e2bb61ee1fa008999a0aab91e061e8f4bfe25fb35807d,399,0,6670.0
7f69fa9eab8f397d367e2bb61ee1fa008999a0aab91e061e8f4bfe25fb35807d,403,0,11103.0
7f69fa9eab8f397d367e2bb61ee1fa008999a0aab91e061e8f4bfe25fb35807d,404,0,12441.0
7f69fa9eab8f397d367e2bb61ee1fa008999a0aab91e061e8f4bfe25fb35807d,410,0,13002.0
7f69fa9eab8f397d367e2bb61ee1fa008999a0aab91e061e8f4bfe25fb35807d,411,0,4586.0
7f69fa9eab8f397d367e2bb61ee1fa008999a0aab91e061e8f4bfe25fb35807d,419,0,9607.0
7f69fa9eab8f397d367e2bb61ee1fa008999a0aab91e061e8f4bfe25fb35807d,419,0,12658.0
7f69fa9eab8f397d367e2bb61ee1fa008999a0aab91e061e8f4bfe25fb35807d,424,0,8206.0
7f69fa9eab8f397d367e2bb61ee1fa008999a0aab91e061e8f4bfe25fb35807d,424,0,3079.0
7f69fa9eab8f397d367e2bb61ee1fa008999a0aab91e061e8f4bfe25fb35807d,424,0,4164.0
7f69fa9eab8f397d367e2bb61ee1fa008999a0aab91e061e8f4bfe25fb35807d,424,0,14108.0
817cd03f5f52c2111476f35084a2376b4bc4d5c094b0433f7270a6261dc488cd,406,3,100.0
81fa0100bc5af8787771dfeb412d5a0b619a3c58e6f0d483daf28909337c366d,397,0,29434.0
823fc5ce48cd827628ce0d1c574e6c3582cb772cf6173a9384df22d56bb72f0c,397,0,73680.0
823fc5ce48cd827628ce0d1c574e6c3582cb772cf6173a9384df22d56bb72f0c,398,0,73680.0
823fc5ce48cd827628ce0d1c574e6c3582cb772cf6173a9384df22d56bb72f0c,399,0,73779.0
823fc5ce48cd827628ce0d1c574e6c3582cb772cf6173a9384df22d56bb72f0c,400,0,73307.0
823fc5ce48cd827628ce0d1c574e6c3582cb772cf6173a9384df22d56bb72f0c,403,0,73184.0
823fc5ce48cd827628ce0d1c574e6c3582cb772cf6173a9384df22d56bb72f0c,404,0,73257.0
836b7247a06530e013fe6c8d72b8bb9b8626b400369feb3a7cf73401568037a6,414,0,102.0
836b7247a06530e013fe6c8d72b8bb9b8626b400369feb3a7cf73401568037a6,418,0,113519.0
836b7247a06530e013fe6c8d72b8bb9b8626b400369feb3a7cf73401568037a6,419,0,113621.0
836b7247a06530e013fe6c8d72b8bb9b8626b400369feb3a7cf73401568037a6,420,0,114020.0
836b7247a06530e013fe6c8d72b8bb9b8626b400369feb3a7cf73401568037a6,421,0,114603.0
836b7247a06530e013fe6c8d72b8bb9b8626b400369feb3a7cf73401568037a6,421,0,114291.0
836b7247a06530e013fe6c8d72b8bb9b8626b400369feb3a7cf73401568037a6,424,0,114483.0
837c698b4edcb07d3b92a4a8a680e97e153d357abae75d41f258b6c868d66377,405,0,30525.0
837c698b4edcb07d3b92a4a8a680e97e153d357abae75d41f258b6c868d66377,410,0,33459.0
837c698b4edcb07d3b92a4a8a680e97e153d357abae75d41f258b6c868d66377,413,0,37386.0
837c698b4edcb07d3b92a4a8a680e97e153d357abae75d41f258b6c868d66377,414,0,30967.0
837c698b4edcb07d3b92a4a8a680e97e153d357abae75d41f258b6c868d66377,425,0,38489.0
85560737ffda7254ba16b71e4c5b519b85a51942ab02c69ca358f1d4d8f83acc,397,0,133197.0
85560737ffda7254ba16b71e4c5b519b85a51942ab02c69ca358f1d4d8f83acc,398,0,11730.0
85560737ffda7254ba16b71e4c5b519b85a51942ab02c69ca358f1d4d8f83acc,399,0,51828.0
85560737ffda7254ba16b71e4c5b519b85a51942ab02c69ca358f1d4d8f83acc,400,0,60017.0
85560737ffda7254ba16b71e4c5b519b85a51942ab02c69ca358f1d4d8f83acc,403,0,54884.0
85560737ffda7254ba16b71e4c5b519b85a51942ab02c69ca358f1d4d8f83acc,404,0,56440.0
85560737ffda7254ba16b71e4c5b519b85a51942ab02c69ca358f1d4d8f83acc,405,0,36000.0
85560737ffda7254ba16b71e4c5b519b85a51942ab02c69ca358f1d4d8f83acc,406,0,34032.0
85560737ffda7254ba16b71e4c5b519b85a51942ab02c69ca358f1d4d8f83acc,407,0,41839.0
85560737ffda7254ba16b71e4c5b519b85a51942ab02c69ca358f1d4d8f83acc,410,0,68408.0
85560737ffda7254ba16b71e4c5b519b85a51942ab02c69ca358f1d4d8f83acc,411,0,34843.0
85560737ffda7254ba16b71e4c5b519b85a51942ab02c69ca358f1d4d8f83acc,412,4,35925.0
85560737ffda7254ba16b71e4c5b519b85a51942ab02c69ca358f1d4d8f83acc,413,0,45529.0
85560737ffda7254ba16b71e4c5b519b85a51942ab02c69ca358f1d4d8f83acc,414,0,65909.0
85560737ffda7254ba16b71e4c5b519b85a51942ab02c69ca358f1d4d8f83acc,417,0,112617.0
85560737ffda7254ba16b71e4c5b519b85a51942ab02c69ca358f1d4d8f83acc,418,0,17817.0
85560737ffda7254ba16b71e4c5b519b85a51942ab02c69ca358f1d4d8f83acc,419,0,20282.0
85560737ffda7254ba16b71e4c5b519b85a51942ab02c69ca358f1d4d8f83acc,420,0,30677.0
85560737ffda7254ba16b71e4c5b519b85a51942ab02c69ca358f1d4d8f83acc,421,0,31115.0
85560737ffda7254ba16b71e4c5b519b85a51942ab02c69ca358f1d4d8f83acc,424,0,104162.0
85560737ffda7254ba16b71e4c5b519b85a51942ab02c69ca358f1d4d8f83acc,425,0,24566.0
85ea69f02753c13e02af864fe6587fef7ba9e86d22d9022a3281f14f7507e9f5,410,3,155554.0
89452c475b55369c635942ac40c669c220b0ab01078c6962414647281c9288d0,425,0,15136.0
8b292b44452777e59bd77ba3a487c886c8d0eccbe95e3b5eaaead727d9f98c9b,397,0,44559.0
8b292b44452777e59bd77ba3a487c886c8d0eccbe95e3b5eaaead727d9f98c9b,400,0,44559.0
8b292b44452777e59bd77ba3a487c886c8d0eccbe95e3b5eaaead727d9f98c9b,403,0,44559.0
8b292b44452777e59bd77ba3a487c886c8d0eccbe95e3b5eaaead727d9f98c9b,404,0,44559.0
8b292b44452777e59bd77ba3a487c886c8d0eccbe95e3b5eaaead727d9f98c9b,405,0,44559.0
8b292b44452777e59bd77ba3a487c886c8d0eccbe95e3b5eaaead727d9f98c9b,407,0,44559.0
8b292b44452777e59bd77ba3a487c886c8d0eccbe95e3b5eaaead727d9f98c9b,410,0,45078.0
8b292b44452777e59bd77ba3a487c886c8d0eccbe95e3b5eaaead727d9f98c9b,425,0,45077.0
8c3a432e4bab41d54f6a6b42f8276c2f11913307c3f5e465844f55edda0889ba,405,0,15410.0
8c3a432e4bab41d54f6a6b42f8276c2f11913307c3f5e465844f55edda0889ba,407,0,61980.0
8c3a432e4bab41d54f6a6b42f8276c2f11913307c3f5e465844f55edda0889ba,410,0,77527.0
8c3a432e4bab41d54f6a6b42f8276c2f11913307c3f5e465844f55edda0889ba,412,0,69122.0
8c3a432e4bab41d54f6a6b42f8276c2f11913307c3f5e465844f55edda0889ba,414,0,79678.0
8c3a432e4bab41d54f6a6b42f8276c2f11913307c3f5e465844f55edda0889ba,417,0,79731.0
8c3a432e4bab41d54f6a6b42f8276c2f11913307c3f5e465844f55edda0889ba,418,0,109235.0
8c3a432e4bab41d54f6a6b42f8276c2f11913307c3f5e465844f55edda0889ba,420,0,80110.0
8c3a432e4bab41d54f6a6b42f8276c2f11913307c3f5e465844f55edda0889ba,421,0,75208.0
8c3a432e4bab41d54f6a6b42f8276c2f11913307c3f5e465844f55edda0889ba,424,0,100458.0
8c3a432e4bab41d54f6a6b42f8276c2f11913307c3f5e465844f55edda0889ba,425,0,35382.0
92e1e23048befe20f0d7c5b96d076b79d127fdb858626e00b361581e198724c8,397,0,23718.0
92e1e23048befe20f0d7c5b96d076b79d127fdb858626e00b361581e198724c8,398,0,23784.0
92e1e23048befe20f0d7c5b96d076b79d127fdb858626e00b361581e198724c8,399,0,23878.0
92e1e23048befe20f0d7c5b96d076b79d127fdb858626e00b361581e198724c8,400,0,23759.0
92e1e23048befe20f0d7c5b96d076b79d127fdb858626e00b361581e198724c8,403,0,23821.0
92e1e23048befe20f0d7c5b96d076b79d127fdb858626e00b361581e198724c8,404,0,24003.0
92e1e23048befe20f0d7c5b96d076b79d127fdb858626e00b361581e198724c8,405,0,25610.0
92e1e23048befe20f0d7c5b96d076b79d127fdb858626e00b361581e198724c8,407,0,25030.0
92e1e23048befe20f0d7c5b96d076b79d127fdb858626e00b361581e198724c8,410,0,49453.0
92e1e23048befe20f0d7c5b96d076b79d127fdb858626e00b361581e198724c8,411,0,49903.0
92e1e23048befe20f0d7c5b96d076b79d127fdb858626e00b361581e198724c8,412,0,50146.0
92e1e23048befe20f0d7c5b96d076b79d127fdb858626e00b361581e198724c8,413,0,50189.0
92e1e23048befe20f0d7c5b96d076b79d127fdb858626e00b361581e198724c8,414,0,50564.0
92e1e23048befe20f0d7c5b96d076b79d127fdb858626e00b361581e198724c8,417,0,49390.0
92e1e23048befe20f0d7c5b96d076b79d127fdb858626e00b361581e198724c8,418,0,49563.0
92e1e23048befe20f0d7c5b96d076b79d127fdb858626e00b361581e198724c8,419,0,50417.0
92e1e23048befe20f0d7c5b96d076b79d127fdb858626e00b361581e198724c8,420,0,50628.0
92e1e23048befe20f0d7c5b96d076b79d127fdb858626e00b361581e198724c8,421,0,51037.0
92e1e23048befe20f0d7c5b96d076b79d127fdb858626e00b361581e198724c8,424,0,49489.0
937525790c682522a07fe0ad1067826c1ef0c21cf76ed80c794468e387c34bbf,405,0,22507.0
937525790c682522a07fe0ad1067826c1ef0c21cf76ed80c794468e387c34bbf,407,0,74221.0
937525790c682522a07fe0ad1067826c1ef0c21cf76ed80c794468e387c34bbf,410,0,74196.0
937525790c682522a07fe0ad1067826c1ef0c21cf76ed80c794468e387c34bbf,411,0,74395.0
937525790c682522a07fe0ad1067826c1ef0c21cf76ed80c794468e387c34bbf,412,0,74445.0
937525790c682522a07fe0ad1067826c1ef0c21cf76ed80c794468e387c34bbf,413,0,74270.0
937525790c682522a07fe0ad1067826c1ef0c21cf76ed80c794468e387c34bbf,414,0,74545.0
937525790c682522a07fe0ad1067826c1ef0c21cf76ed80c794468e387c34bbf,417,0,76356.0
937525790c682522a07fe0ad1067826c1ef0c21cf76ed80c794468e387c34bbf,418,0,76407.0
937525790c682522a07fe0ad1067826c1ef0c21cf76ed80c794468e387c34bbf,419,0,76562.0
937525790c682522a07fe0ad1067826c1ef0c21cf76ed80c794468e387c34bbf,420,0,76718.0
937525790c682522a07fe0ad1067826c1ef0c21cf76ed80c794468e387c34bbf,421,0,77111.0
937525790c682522a07fe0ad1067826c1ef0c21cf76ed80c794468e387c34bbf,424,0,77559.0
937525790c682522a07fe0ad1067826c1ef0c21cf76ed80c794468e387c34bbf,425,0,77960.0
95a6c0fd787a7f03473b58897e0d696d4ba27c61003f9277493d438798c7191a,398,0,17423.0
95a6c0fd787a7f03473b58897e0d696d4ba27c61003f9277493d438798c7191a,404,0,17202.0
95a6c0fd787a7f03473b58897e0d696d4ba27c61003f9277493d438798c7191a,417,0,17266.0
95e7fa78370a8b9ca3e8ed35be05fc035951c9c9e6d4b455dcac2a1682359db9,399,4,162320.0
987fa9033f6d7d6750dac714e178516755e75bd87dcedaee5dea1d08386a7104,397,0,27594.0
987fa9033f6d7d6750dac714e178516755e75bd87dcedaee5dea1d08386a7104,398,0,27594.0
987fa9033f6d7d6750dac714e178516755e75bd87dcedaee5dea1d08386a7104,399,0,28001.0
987fa9033f6d7d6750dac714e178516755e75bd87dcedaee5dea1d08386a7104,403,0,28001.0
998dd3707423e4e1486bd23d6b6705a16ac75e243a49acbcb82541296491b44d,400,0,52197.0
998dd3707423e4e1486bd23d6b6705a16ac75e243a49acbcb82541296491b44d,403,0,52459.0
998dd3707423e4e1486bd23d6b6705a16ac75e243a49acbcb82541296491b44d,404,0,52547.0
998dd3707423e4e1486bd23d6b6705a16ac75e243a49acbcb82541296491b44d,407,0,18076.0
9ac9ab21545e4564f0a235ce23dd12094718d964cfad04a824fbd1aefdb58697,414,4,20940.0
9c33f7c8bcafb9fcd15f5a3a13080275654c6b27b6ea6bf7aba77aaec91c57e4,397,0,89245.0
9c33f7c8bcafb9fcd15f5a3a13080275654c6b27b6ea6bf7aba77aaec91c57e4,398,0,89526.0
9c33f7c8bcafb9fcd15f5a3a13080275654c6b27b6ea6bf7aba77aaec91c57e4,399,0,89931.0
9c33f7c8bcafb9fcd15f5a3a13080275654c6b27b6ea6bf7aba77aaec91c57e4,400,0,89665.0
9c33f7c8bcafb9fcd15f5a3a13080275654c6b27b6ea6bf7aba77aaec91c57e4,403,0,89915.0
9c33f7c8bcafb9fcd15f5a3a13080275654c6b27b6ea6bf7aba77aaec91c57e4,404,0,90551.0
9c33f7c8bcafb9fcd15f5a3a13080275654c6b27b6ea6bf7aba77aaec91c57e4,405,0,91029.0
9c33f7c8bcafb9fcd15f5a3a13080275654c6b27b6ea6bf7aba77aaec91c57e4,407,0,80538.0
9c33f7c8bcafb9fcd15f5a3a13080275654c6b27b6ea6bf7aba77aaec91c57e4,410,0,81099.0
9c33f7c8bcafb9fcd15f5a3a13080275654c6b27b6ea6bf7aba77aaec91c57e4,411,0,81941.0
9c33f7c8bcafb9fcd15f5a3a13080275654c6b27b6ea6bf7aba77aaec91c57e4,412,0,82223.0
9c33f7c8bcafb9fcd15f5a3a13080275654c6b27b6ea6bf7aba77aaec91c57e4,413,0,82533.0
9c33f7c8bcafb9fcd15f5a3a13080275654c6b27b6ea6bf7aba77aaec91c57e4,414,0,83105.0
9c33f7c8bcafb9fcd15f5a3a13080275654c6b27b6ea6bf7aba77aaec91c57e4,417,0,83609.0
9e5bc096317c8b6417c48800be0999238c7f7c4c088ebbc30f21d655069bf95e,398,0,13591.0
9e5bc096317c8b6417c48800be0999238c7f7c4c088ebbc30f21d655069bf95e,407,0,11052.0
9e5bc096317c8b6417c48800be0999238c7f7c4c088ebbc30f21d655069bf95e,417,0,5856.0
9e5bc096317c8b6417c48800be0999238c7f7c4c088ebbc30f21d655069bf95e,418,4,529.0
9e5bc096317c8b6417c48800be0999238c7f7c4c088ebbc30f21d655069bf95e,419,0,1995.0
a24580576ee6e27beaa116be244bec55cb548fe75af4bf5bdd7ee48db0c395c1,404,4,5151.0
a35ca0ad8421ca39eaf5cb188848f888fb2fe7dc9e1da741fec337562bfea88f,398,4,139949.0
a3f3ab8ef1dc14645641197c93c50af693039cc6f2b879ae5c37b2d3b8dbd8dc,419,4,104341.0
a3f3ab8ef1dc14645641197c93c50af693039cc6f2b879ae5c37b2d3b8dbd8dc,425,0,104341.0
ae53838cf3d7246ea10908c3cc66f91cd542ce382c3c903b94a19324f86e818d,397,0,34805.0
ae53838cf3d7246ea10908c3cc66f91cd542ce382c3c903b94a19324f86e818d,398,0,34805.0
ae53838cf3d7246ea10908c3cc66f91cd542ce382c3c903b94a19324f86e818d,399,0,34857.0
ae53838cf3d7246ea10908c3cc66f91cd542ce382c3c903b94a19324f86e818d,400,0,34599.0
ae53838cf3d7246ea10908c3cc66f91cd542ce382c3c903b94a19324f86e818d,403,0,34495.0
ae53838cf3d7246ea10908c3cc66f91cd542ce382c3c903b94a19324f86e818d,404,0,34495.0
af9dba4a6011057841484183a96841dc250835f499c9c5fecb79a7c605953602,421,4,303390.0
afb3f11b303b5eb0d1dde6f5ecd1615882504f6c40bcfdf574e140c1414e9e26,410,0,73156.0
afb3f11b303b5eb0d1dde6f5ecd1615882504f6c40bcfdf574e140c1414e9e26,424,0,136978.0
b1a82f6fed0e32b7e83be8fabc6381d84f8799c2c6f7e1b66ee029cad842cfbf,407,4,1422.0
b212d14cb35676926682b2cf849e295d948888f556c07e854c4cdad9f32f5084,397,0,44579.0
b212d14cb35676926682b2cf849e295d948888f556c07e854c4cdad9f32f5084,398,0,44267.0
b212d14cb35676926682b2cf849e295d948888f556c07e854c4cdad9f32f5084,403,0,44176.0
b212d14cb35676926682b2cf849e295d948888f556c07e854c4cdad9f32f5084,404,0,44532.0
b261c1a15fd6ed1420ccd9f2d5e9123a1923e59f6fb5575fb84bc627637dbf1b,412,0,9420.0
b261c1a15fd6ed1420ccd9f2d5e9123a1923e59f6fb5575fb84bc627637dbf1b,412,0,34140.0
b261c1a15fd6ed1420ccd9f2d5e9123a1923e59f6fb5575fb84bc627637dbf1b,412,0,51268.0
b261c1a15fd6ed1420ccd9f2d5e9123a1923e59f6fb5575fb84bc627637dbf1b,425,0,17420.0
b481b376729f05ce2fafb6242d1f2f12a003ac88bd4ead62d2e95d30b4d55db0,397,0,30833.0
b481b376729f05ce2fafb6242d1f2f12a003ac88bd4ead62d2e95d30b4d55db0,398,0,30833.0
b481b376729f05ce2fafb6242d1f2f12a003ac88bd4ead62d2e95d30b4d55db0,399,0,30833.0
b481b376729f05ce2fafb6242d1f2f12a003ac88bd4ead62d2e95d30b4d55db0,400,0,34944.0
b481b376729f05ce2fafb6242d1f2f12a003ac88bd4ead62d2e95d30b4d55db0,403,0,35972.0
b481b376729f05ce2fafb6242d1f2f12a003ac88bd4ead62d2e95d30b4d55db0,404,0,29805.0
b481b376729f05ce2fafb6242d1f2f12a003ac88bd4ead62d2e95d30b4d55db0,405,0,31861.0
b481b376729f05ce2fafb6242d1f2f12a003ac88bd4ead62d2e95d30b4d55db0,407,0,30833.0
b481b376729f05ce2fafb6242d1f2f12a003ac88bd4ead62d2e95d30b4d55db0,410,0,35972.0
b481b376729f05ce2fafb6242d1f2f12a003ac88bd4ead62d2e95d30b4d55db0,412,0,35972.0
b481b376729f05ce2fafb6242d1f2f12a003ac88bd4ead62d2e95d30b4d55db0,414,0,35972.0
b481b376729f05ce2fafb6242d1f2f12a003ac88bd4ead62d2e95d30b4d55db0,417,0,35972.0
b481b376729f05ce2fafb6242d1f2f12a003ac88bd4ead62d2e95d30b4d55db0,419,0,28778.0
b534b7634b8cebeca7bae4f2f4c161337b55676bf7999109119e0d0d1ec99747,412,4,13460.0
b6f594909afde36b182e825a982b1c3095c2ea2e3d3c3f2e5d44a514a0c3df91,397,0,68202.0
b6f594909afde36b182e825a982b1c3095c2ea2e3d3c3f2e5d44a514a0c3df91,400,0,68304.0
b6f594909afde36b182e825a982b1c3095c2ea2e3d3c3f2e5d44a514a0c3df91,404,0,67999.0
b6f594909afde36b182e825a982b1c3095c2ea2e3d3c3f2e5d44a514a0c3df91,407,0,67999.0
b6f594909afde36b182e825a982b1c3095c2ea2e3d3c3f2e5d44a514a0c3df91,410,0,169491.0
b6f594909afde36b182e825a982b1c3095c2ea2e3d3c3f2e5d44a514a0c3df91,421,0,103522.0
b6f594909afde36b182e825a982b1c3095c2ea2e3d3c3f2e5d44a514a0c3df91,424,0,64955.0
b7765bf8afb013ca5bc80ebbd044decafd28ccf2466ed6e498862589e1cc8757,398,0,35333.0
b7765bf8afb013ca5bc80ebbd044decafd28ccf2466ed6e498862589e1cc8757,400,0,35108.0
b7765bf8afb013ca5bc80ebbd044decafd28ccf2466ed6e498862589e1cc8757,404,0,35014.0
b8036895360ec76bac5d7c0b7d47aaa9b229057bd0e560f330bf31c62d52fd09,397,0,87120.0
b8036895360ec76bac5d7c0b7d47aaa9b229057bd0e560f330bf31c62d52fd09,398,0,87568.0
b8036895360ec76bac5d7c0b7d47aaa9b229057bd0e560f330bf31c62d52fd09,399,0,88042.0
b8036895360ec76bac5d7c0b7d47aaa9b229057bd0e560f330bf31c62d52fd09,403,0,88969.0
b8036895360ec76bac5d7c0b7d47aaa9b229057bd0e560f330bf31c62d52fd09,404,0,89709.0
b8036895360ec76bac5d7c0b7d47aaa9b229057bd0e560f330bf31c62d52fd09,405,0,90276.0
b8036895360ec76bac5d7c0b7d47aaa9b229057bd0e560f330bf31c62d52fd09,407,0,90406.0
b8036895360ec76bac5d7c0b7d47aaa9b229057bd0e560f330bf31c62d52fd09,410,0,114228.0
b8cfc88cb10db943a81ed8219fde7dfcdfad98c20deab517f3cf02d1178a75ac,397,0,43047.0
b8cfc88cb10db943a81ed8219fde7dfcdfad98c20deab517f3cf02d1178a75ac,399,0,43150.0
b8cfc88cb10db943a81ed8219fde7dfcdfad98c20deab517f3cf02d1178a75ac,400,0,42800.0
b8cfc88cb10db943a81ed8219fde7dfcdfad98c20deab517f3cf02d1178a75ac,403,0,42729.0
b8cfc88cb10db943a81ed8219fde7dfcdfad98c20deab517f3cf02d1178a75ac,404,0,42801.0
b8cfc88cb10db943a81ed8219fde7dfcdfad98c20deab517f3cf02d1178a75ac,406,3,42815.0
bdda3ef79c5f052fd281c9f28f50a25977444eceaf9751e4595fcb6099a48ea0,398,0,12160.0
bdda3ef79c5f052fd281c9f28f50a25977444eceaf9751e4595fcb6099a48ea0,411,0,12002.0
bdda3ef79c5f052fd281c9f28f50a25977444eceaf9751e4595fcb6099a48ea0,419,0,12061.0
bde8c175c2373377156e15f3feaaba3f6753937cc1118e443923ae9286da239f,413,4,10348.0
be7d3c28b1cfcb04e646520dfebdedf1beaf32b89d7d649b1a19784143bedff4,397,0,88317.0
be7d3c28b1cfcb04e646520dfebdedf1beaf32b89d7d649b1a19784143bedff4,398,0,91883.0
be7d3c28b1cfcb04e646520dfebdedf1beaf32b89d7d649b1a19784143bedff4,399,0,92001.0
be7d3c28b1cfcb04e646520dfebdedf1beaf32b89d7d649b1a19784143bedff4,400,0,94919.0
be7d3c28b1cfcb04e646520dfebdedf1beaf32b89d7d649b1a19784143bedff4,403,0,94742.0
be7d3c28b1cfcb04e646520dfebdedf1beaf32b89d7d649b1a19784143bedff4,404,0,94901.0
be7d3c28b1cfcb04e646520dfebdedf1beaf32b89d7d649b1a19784143bedff4,405,0,66782.0
be7d3c28b1cfcb04e646520dfebdedf1beaf32b89d7d649b1a19784143bedff4,407,0,94563.0
be7d3c28b1cfcb04e646520dfebdedf1beaf32b89d7d649b1a19784143bedff4,410,0,53211.0
be7d3c28b1cfcb04e646520dfebdedf1beaf32b89d7d649b1a19784143bedff4,411,0,75519.0
be7d3c28b1cfcb04e646520dfebdedf1beaf32b89d7d649b1a19784143bedff4,412,0,73787.0
be7d3c28b1cfcb04e646520dfebdedf1beaf32b89d7d649b1a19784143bedff4,413,0,75392.0
be7d3c28b1cfcb04e646520dfebdedf1beaf32b89d7d649b1a19784143bedff4,414,0,77431.0
be7d3c28b1cfcb04e646520dfebdedf1beaf32b89d7d649b1a19784143bedff4,417,0,70487.0
be7d3c28b1cfcb04e646520dfebdedf1beaf32b89d7d649b1a19784143bedff4,418,0,70582.0
be7d3c28b1cfcb04e646520dfebdedf1beaf32b89d7d649b1a19784143bedff4,419,0,70606.0
be7d3c28b1cfcb04e646520dfebdedf1beaf32b89d7d649b1a19784143bedff4,420,0,70797.0
be7d3c28b1cfcb04e646520dfebdedf1beaf32b89d7d649b1a19784143bedff4,421,0,71111.0
be7d3c28b1cfcb04e646520dfebdedf1beaf32b89d7d649b1a19784143bedff4,424,0,71574.0
c1122b414958c98c43f3879e543dae4b4cd0374cdf8f2e1fa6ebcdc247cbcfe0,397,0,37044.0
c1122b414958c98c43f3879e543dae4b4cd0374cdf8f2e1fa6ebcdc247cbcfe0,398,0,37175.0
c1122b414958c98c43f3879e543dae4b4cd0374cdf8f2e1fa6ebcdc247cbcfe0,399,0,37365.0
c1122b414958c98c43f3879e543dae4b4cd0374cdf8f2e1fa6ebcdc247cbcfe0,400,0,37263.0
c1122b414958c98c43f3879e543dae4b4cd0374cdf8f2e1fa6ebcdc247cbcfe0,403,0,37370.0
c1122b414958c98c43f3879e543dae4b4cd0374cdf8f2e1fa6ebcdc247cbcfe0,404,0,37628.0
c1122b414958c98c43f3879e543dae4b4cd0374cdf8f2e1fa6ebcdc247cbcfe0,406,0,51727.0
c1122b414958c98c43f3879e543dae4b4cd0374cdf8f2e1fa6ebcdc247cbcfe0,410,0,51727.0
c1122b414958c98c43f3879e543dae4b4cd0374cdf8f2e1fa6ebcdc247cbcfe0,412,0,51727.0
c1122b414958c98c43f3879e543dae4b4cd0374cdf8f2e1fa6ebcdc247cbcfe0,414,0,51727.0
c1122b414958c98c43f3879e543dae4b4cd0374cdf8f2e1fa6ebcdc247cbcfe0,418,0,51727.0
c1122b414958c98c43f3879e543dae4b4cd0374cdf8f2e1fa6ebcdc247cbcfe0,421,0,51727.0
c1122b414958c98c43f3879e543dae4b4cd0374cdf8f2e1fa6ebcdc247cbcfe0,424,0,51727.0
c3022c14907b7bbeb566ab056b4a0d944310aa1e02f55735309a33d9faf482c2,399,0,68433.0
c3022c14907b7bbeb566ab056b4a0d944310aa1e02f55735309a33d9faf482c2,400,0,67926.0
c3022c14907b7bbeb566ab056b4a0d944310aa1e02f55735309a33d9faf482c2,403,0,67812.0
c3022c14907b7bbeb566ab056b4a0d944310aa1e02f55735309a33d9faf482c2,404,0,67926.0
c62baab3b4829e0c15b13741548b58719a8c63b4b6a25b2213a688fe407cd91b,397,0,27303.0
c62baab3b4829e0c15b13741548b58719a8c63b4b6a25b2213a688fe407cd91b,398,0,29132.0
c62baab3b4829e0c15b13741548b58719a8c63b4b6a25b2213a688fe407cd91b,399,0,29255.0
c62baab3b4829e0c15b13741548b58719a8c63b4b6a25b2213a688fe407cd91b,400,0,29283.0
c62baab3b4829e0c15b13741548b58719a8c63b4b6a25b2213a688fe407cd91b,404,0,29621.0
c62baab3b4829e0c15b13741548b58719a8c63b4b6a25b2213a688fe407cd91b,405,0,29794.0
c62baab3b4829e0c15b13741548b58719a8c63b4b6a25b2213a688fe407cd91b,407,0,35045.0
c62baab3b4829e0c15b13741548b58719a8c63b4b6a25b2213a688fe407cd91b,410,0,32439.0
c62baab3b4829e0c15b13741548b58719a8c63b4b6a25b2213a688fe407cd91b,412,0,31918.0
c62baab3b4829e0c15b13741548b58719a8c63b4b6a25b2213a688fe407cd91b,414,0,32259.0
c62baab3b4829e0c15b13741548b58719a8c63b4b6a25b2213a688fe407cd91b,425,0,34371.0
c6b4ecf9185154bd27023b116e518fda47afabe0842ae6e94021b2170e2f1a8c,421,0,20723.0
c6def618ad861703c025be4f41bdf7569310228ae93aeffc73088c520c79558d,397,0,59861.0
c90197eb61812d8b41228fa0d602f9d5062b10f4c18feca4e32d28dd6e16d4b5,404,0,101798.0
c90197eb61812d8b41228fa0d602f9d5062b10f4c18feca4e32d28dd6e16d4b5,406,0,64042.0
c90197eb61812d8b41228fa0d602f9d5062b10f4c18feca4e32d28dd6e16d4b5,413,0,66368.0
c90197eb61812d8b41228fa0d602f9d5062b10f4c18feca4e32d28dd6e16d4b5,421,0,70238.0
c90197eb61812d8b41228fa0d602f9d5062b10f4c18feca4e32d28dd6e16d4b5,424,0,78068.0
c92f6fa2e7d8cc80e829ad43a070b5dff511a49896eabf8c2e8fa2b6574f36c3,397,0,34019.0
c92f6fa2e7d8cc80e829ad43a070b5dff511a49896eabf8c2e8fa2b6574f36c3,400,0,33825.0
c92f6fa2e7d8cc80e829ad43a070b5dff511a49896eabf8c2e8fa2b6574f36c3,404,0,33723.0
c92f6fa2e7d8cc80e829ad43a070b5dff511a49896eabf8c2e8fa2b6574f36c3,405,0,33824.0
c92f6fa2e7d8cc80e829ad43a070b5dff511a49896eabf8c2e8fa2b6574f36c3,406,0,42381.0
c92f6fa2e7d8cc80e829ad43a070b5dff511a49896eabf8c2e8fa2b6574f36c3,407,0,75922.0
c92f6fa2e7d8cc80e829ad43a070b5dff511a49896eabf8c2e8fa2b6574f36c3,410,0,75935.0
c92f6fa2e7d8cc80e829ad43a070b5dff511a49896eabf8c2e8fa2b6574f36c3,411,0,76140.0
c92f6fa2e7d8cc80e829ad43a070b5dff511a49896eabf8c2e8fa2b6574f36c3,414,0,76635.0
c92f6fa2e7d8cc80e829ad43a070b5dff511a49896eabf8c2e8fa2b6574f36c3,419,0,76922.0
c92f6fa2e7d8cc80e829ad43a070b5dff511a49896eabf8c2e8fa2b6574f36c3,421,0,42885.0
ca17bb70c7f77514a66819c9f904c17613be7901702c6d2f03d507776d1912d4,397,0,67588.0
ca17bb70c7f77514a66819c9f904c17613be7901702c6d2f03d507776d1912d4,400,0,67689.0
ca17bb70c7f77514a66819c9f904c17613be7901702c6d2f03d507776d1912d4,403,0,67487.0
cadb98ceea1ca9355fd64e4085b1a1de9ac2960b89649057a93c79a9173245c3,397,0,69854.0
cadb98ceea1ca9355fd64e4085b1a1de9ac2960b89649057a93c79a9173245c3,400,0,69478.0
cadb98ceea1ca9355fd64e4085b1a1de9ac2960b89649057a93c79a9173245c3,403,0,69338.0
cadb98ceea1ca9355fd64e4085b1a1de9ac2960b89649057a93c79a9173245c3,404,0,69468.0
cadb98ceea1ca9355fd64e4085b1a1de9ac2960b89649057a93c79a9173245c3,405,0,69468.0
cdd50c23d3f96be5c5e9c4c62139638f2ff5039a2ee689e8a9e5654cad506cb4,397,0,37569.0
cdd50c23d3f96be5c5e9c4c62139638f2ff5039a2ee689e8a9e5654cad506cb4,399,0,62461.0
cdd50c23d3f96be5c5e9c4c62139638f2ff5039a2ee689e8a9e5654cad506cb4,400,0,62431.0
cdd50c23d3f96be5c5e9c4c62139638f2ff5039a2ee689e8a9e5654cad506cb4,403,0,64882.0
cdd50c23d3f96be5c5e9c4c62139638f2ff5039a2ee689e8a9e5654cad506cb4,404,0,92666.0
cdd50c23d3f96be5c5e9c4c62139638f2ff5039a2ee689e8a9e5654cad506cb4,406,0,10005.0
cdd50c23d3f96be5c5e9c4c62139638f2ff5039a2ee689e8a9e5654cad506cb4,406,0,22911.0
cdd50c23d3f96be5c5e9c4c62139638f2ff5039a2ee689e8a9e5654cad506cb4,410,0,107453.0
cdd50c23d3f96be5c5e9c4c62139638f2ff5039a2ee689e8a9e5654cad506cb4,413,0,106653.0
cdd50c23d3f96be5c5e9c4c62139638f2ff5039a2ee689e8a9e5654cad506cb4,414,0,90145.0
cdd50c23d3f96be5c5e9c4c62139638f2ff5039a2ee689e8a9e5654cad506cb4,414,0,22211.0
cdd50c23d3f96be5c5e9c4c62139638f2ff5039a2ee689e8a9e5654cad506cb4,417,0,39770.0
cdd50c23d3f96be5c5e9c4c62139638f2ff5039a2ee689e8a9e5654cad506cb4,419,0,114057.0
cdd50c23d3f96be5c5e9c4c62139638f2ff5039a2ee689e8a9e5654cad506cb4,420,0,55528.0
cdd50c23d3f96be5c5e9c4c62139638f2ff5039a2ee689e8a9e5654cad506cb4,421,0,20410.0
cdd50c23d3f96be5c5e9c4c62139638f2ff5039a2ee689e8a9e5654cad506cb4,421,0,61360.0
cdd50c23d3f96be5c5e9c4c62139638f2ff5039a2ee689e8a9e5654cad506cb4,424,0,109354.0
cdd50c23d3f96be5c5e9c4c62139638f2ff5039a2ee689e8a9e5654cad506cb4,425,0,18909.0
cef8280aa7fe4af5194dbd149f1c3907d1e8811aff2a9233761ca0f265c9cafe,397,0,34088.0
cef8280aa7fe4af5194dbd149f1c3907d1e8811aff2a9233761ca0f265c9cafe,400,0,33915.0
cef8280aa7fe4af5194dbd149f1c3907d1e8811aff2a9233761ca0f265c9cafe,404,0,33893.0
cef8280aa7fe4af5194dbd149f1c3907d1e8811aff2a9233761ca0f265c9cafe,407,0,33770.0
cef8280aa7fe4af5194dbd149f1c3907d1e8811aff2a9233761ca0f265c9cafe,410,0,33779.0
cef8280aa7fe4af5194dbd149f1c3907d1e8811aff2a9233761ca0f265c9cafe,414,0,33927.0
d0e792fdcaf8a217783fc862050f49683b26cd9fbed5ceaff9d926b5379c7a53,398,0,68340.0
d0e792fdcaf8a217783fc862050f49683b26cd9fbed5ceaff9d926b5379c7a53,400,0,68340.0
d0e792fdcaf8a217783fc862050f49683b26cd9fbed5ceaff9d926b5379c7a53,403,0,68340.0
d2ac41f6008b5c764526e35a43c67db80737b4e2c92db3baf89525cad83c61f4,405,0,56797.0
d2ac41f6008b5c764526e35a43c67db80737b4e2c92db3baf89525cad83c61f4,407,0,56605.0
d2ac41f6008b5c764526e35a43c67db80737b4e2c92db3baf89525cad83c61f4,410,0,67519.0
d2ac41f6008b5c764526e35a43c67db80737b4e2c92db3baf89525cad83c61f4,410,0,55924.0
d2ac41f6008b5c764526e35a43c67db80737b4e2c92db3baf89525cad83c61f4,411,0,124458.0
d2ac41f6008b5c764526e35a43c67db80737b4e2c92db3baf89525cad83c61f4,412,0,124500.0
d2ac41f6008b5c764526e35a43c67db80737b4e2c92db3baf89525cad83c61f4,413,0,123909.0
d2ac41f6008b5c764526e35a43c67db80737b4e2c92db3baf89525cad83c61f4,414,0,124710.0
d2ac41f6008b5c764526e35a43c67db80737b4e2c92db3baf89525cad83c61f4,417,0,56950.0
d2ac41f6008b5c764526e35a43c67db80737b4e2c92db3baf89525cad83c61f4,418,0,67974.0
d2ac41f6008b5c764526e35a43c67db80737b4e2c92db3baf89525cad83c61f4,419,0,57084.0
d2ac41f6008b5c764526e35a43c67db80737b4e2c92db3baf89525cad83c61f4,420,0,68182.0
d2ac41f6008b5c764526e35a43c67db80737b4e2c92db3baf89525cad83c61f4,420,0,126118.0
d2ac41f6008b5c764526e35a43c67db80737b4e2c92db3baf89525cad83c61f4,421,0,125722.0
d2ede9ca04767a8187a0e71987e1418b8c0ff8e5d7cbf675b6324d22b8835921,411,4,307295.0
d3d0efb4972e0a54a7b5d5b6c33489d5f151e0c0ab0bd7b47c75e4f137fd1a35,400,4,1466.0
d413e74df0f4d9831ba04e480979144e0374b3a687d011a3aeb628acd9f9d7bd,398,0,55411.0
d413e74df0f4d9831ba04e480979144e0374b3a687d011a3aeb628acd9f9d7bd,399,0,55758.0
d413e74df0f4d9831ba04e480979144e0374b3a687d011a3aeb628acd9f9d7bd,400,0,55913.0
d413e74df0f4d9831ba04e480979144e0374b3a687d011a3aeb628acd9f9d7bd,403,0,56019.0
d413e74df0f4d9831ba04e480979144e0374b3a687d011a3aeb628acd9f9d7bd,404,0,56284.0
d451b7000e1fe22a0c02affc78b4059c99e3204ce1b0b65449191c59217d6bf1,417,4,53305.0
d4fa544f203ee93bd9ef737bd663f2d7a4a681d16a75d473fe74663c7e9d9913,397,0,34455.0
d4fa544f203ee93bd9ef737bd663f2d7a4a681d16a75d473fe74663c7e9d9913,398,0,34443.0
d4fa544f203ee93bd9ef737bd663f2d7a4a681d16a75d473fe74663c7e9d9913,400,0,34246.0
d4fa544f203ee93bd9ef737bd663f2d7a4a681d16a75d473fe74663c7e9d9913,403,0,34189.0
d4fa544f203ee93bd9ef737bd663f2d7a4a681d16a75d473fe74663c7e9d9913,404,0,34246.0
d9291b57348323579af55c4b60fbd3279243a503b0007af51141baa41b6253a1,398,4,42548.0
d965728f86144f30286f2eb7bcfe51d5cb2bc9c228accbdbc858136d710676a3,397,0,51664.0
d965728f86144f30286f2eb7bcfe51d5cb2bc9c228accbdbc858136d710676a3,398,0,29940.0
d965728f86144f30286f2eb7bcfe51d5cb2bc9c228accbdbc858136d710676a3,398,0,40267.0
d965728f86144f30286f2eb7bcfe51d5cb2bc9c228accbdbc858136d710676a3,399,0,70263.0
dabcfedc2113a6482563eb685f59a916307641fca5bc8f8c065dec2499169041,397,0,16651.0
dabcfedc2113a6482563eb685f59a916307641fca5bc8f8c065dec2499169041,400,0,12025.0
dabcfedc2113a6482563eb685f59a916307641fca5bc8f8c065dec2499169041,403,0,16954.0
dabcfedc2113a6482563eb685f59a916307641fca5bc8f8c065dec2499169041,407,0,12189.0
dabcfedc2113a6482563eb685f59a916307641fca5bc8f8c065dec2499169041,410,0,16853.0
dabcfedc2113a6482563eb685f59a916307641fca5bc8f8c065dec2499169041,413,0,16878.0
dabcfedc2113a6482563eb685f59a916307641fca5bc8f8c065dec2499169041,414,0,16954.0
dabcfedc2113a6482563eb685f59a916307641fca5bc8f8c065dec2499169041,417,0,16979.0
dabcfedc2113a6482563eb685f59a916307641fca5bc8f8c065dec2499169041,419,0,17030.0
dabcfedc2113a6482563eb685f59a916307641fca5bc8f8c065dec2499169041,421,0,16954.0
dc8858c6962774e5a03b2e97e6311478227c7a68a4a9b1367064f6f4aca987e3,397,4,4117.0
dc8858c6962774e5a03b2e97e6311478227c7a68a4a9b1367064f6f4aca987e3,397,4,4117.0
dc8858c6962774e5a03b2e97e6311478227c7a68a4a9b1367064f6f4aca987e3,397,4,3484.0
dc8858c6962774e5a03b2e97e6311478227c7a68a4a9b1367064f6f4aca987e3,397,4,6176.0
dc8858c6962774e5a03b2e97e6311478227c7a68a4a9b1367064f6f4aca987e3,406,4,102930.0
e740c81f9cfe1dd1e0f4dd65dda9a91cee1e90ad6681319fc44829ee3320a878,398,0,36022.0
e740c81f9cfe1dd1e0f4dd65dda9a91cee1e90ad6681319fc44829ee3320a878,400,0,35826.0
e740c81f9cfe1dd1e0f4dd65dda9a91cee1e90ad6681319fc44829ee3320a878,403,0,56147.0
e740c81f9cfe1dd1e0f4dd65dda9a91cee1e90ad6681319fc44829ee3320a878,418,0,46394.0
e76ec761d3b906207adde57a5951159ac10e8680c36e16ae3664acf3dab270f1,397,0,34432.0
e76ec761d3b906207adde57a5951159ac10e8680c36e16ae3664acf3dab270f1,399,0,34491.0
e76ec761d3b906207adde57a5951159ac10e8680c36e16ae3664acf3dab270f1,400,0,34237.0
e76ec761d3b906207adde57a5951159ac10e8680c36e16ae3664acf3dab270f1,403,0,34187.0
e76ec761d3b906207adde57a5951159ac10e8680c36e16ae3664acf3dab270f1,404,0,34218.0
e76ec761d3b906207adde57a5951159ac10e8680c36e16ae3664acf3dab270f1,405,0,22258.0
e76ec761d3b906207adde57a5951159ac10e8680c36e16ae3664acf3dab270f1,407,0,34121.0
e76ec761d3b906207adde57a5951159ac10e8680c36e16ae3664acf3dab270f1,410,0,34109.0
e76ec761d3b906207adde57a5951159ac10e8680c36e16ae3664acf3dab270f1,411,0,34199.0
e76ec761d3b906207adde57a5951159ac10e8680c36e16ae3664acf3dab270f1,412,0,34236.0
e76ec761d3b906207adde57a5951159ac10e8680c36e16ae3664acf3dab270f1,413,0,34156.0
e76ec761d3b906207adde57a5951159ac10e8680c36e16ae3664acf3dab270f1,414,0,37700.0
e76ec761d3b906207adde57a5951159ac10e8680c36e16ae3664acf3dab270f1,418,0,34363.0
e76ec761d3b906207adde57a5951159ac10e8680c36e16ae3664acf3dab270f1,419,0,37843.0
e76ec761d3b906207adde57a5951159ac10e8680c36e16ae3664acf3dab270f1,420,0,34469.0
e76ec761d3b906207adde57a5951159ac10e8680c36e16ae3664acf3dab270f1,421,0,38111.0
e76ec761d3b906207adde57a5951159ac10e8680c36e16ae3664acf3dab270f1,424,0,34723.0
ed36405418d5260ed3afbc391aee6888df7af23e1d950ce90dabba57a86fc14e,411,0,88.0
ed36405418d5260ed3afbc391aee6888df7af23e1d950ce90dabba57a86fc14e,413,0,37141.0
ed36405418d5260ed3afbc391aee6888df7af23e1d950ce90dabba57a86fc14e,413,0,20822.0
ed36405418d5260ed3afbc391aee6888df7af23e1d950ce90dabba57a86fc14e,414,0,34176.0
ed36405418d5260ed3afbc391aee6888df7af23e1d950ce90dabba57a86fc14e,414,0,34200.0
f022139da09ebce88c574e54173b5eb9f81dd09c1b8b07009e5aefb80043410b,404,4,100678.0
f8ce663f765e2459578d285a032a16046fba0b2bba8e12cb1a28479198535c8c,398,0,69162.0
f8ce663f765e2459578d285a032a16046fba0b2bba8e12cb1a28479198535c8c,400,0,90161.0
f8ce663f765e2459578d285a032a16046fba0b2bba8e12cb1a28479198535c8c,403,0,63682.0
f8ce663f765e2459578d285a032a16046fba0b2bba8e12cb1a28479198535c8c,403,0,71160.0
f8ce663f765e2459578d285a032a16046fba0b2bba8e12cb1a28479198535c8c,404,0,137480.0
f8ce663f765e2459578d285a032a16046fba0b2bba8e12cb1a28479198535c8c,405,0,68752.0
f8ce663f765e2459578d285a032a16046fba0b2bba8e12cb1a28479198535c8c,407,0,37669.0
f8ce663f765e2459578d285a032a16046fba0b2bba8e12cb1a28479198535c8c,424,0,105659.0
fac694f69b3d74ecfcb564321cd3b645eb2111fa9170f8416b25d393514fff08,414,0,3656.0
fac694f69b3d74ecfcb564321cd3b645eb2111fa9170f8416b25d393514fff08,425,0,4701.0
fb63a0da6e23f917c50449e3e8be492546bfdba980082837e7cb90377423e242,397,0,70932.0
fb63a0da6e23f917c50449e3e8be492546bfdba980082837e7cb90377423e242,398,0,70951.0
fb63a0da6e23f917c50449e3e8be492546bfdba980082837e7cb90377423e242,400,0,70516.0
fb63a0da6e23f917c50449e3e8be492546bfdba980082837e7cb90377423e242,411,0,70417.0
fb63a0da6e23f917c50449e3e8be492546bfdba980082837e7cb90377423e242,413,0,70574.0
fdc21e0a82363af819506a2c22354b6ec710de90ca98a256d4b159a3e9eb5a15,397,0,49986.0
fdc21e0a82363af819506a2c22354b6ec710de90ca98a256d4b159a3e9eb5a15,398,0,47671.0
fdc21e0a82363af819506a2c22354b6ec710de90ca98a256d4b159a3e9eb5a15,399,0,47013.0
fdc21e0a82363af819506a2c22354b6ec710de90ca98a256d4b159a3e9eb5a15,400,0,47612.0
fdc21e0a82363af819506a2c22354b6ec710de90ca98a256d4b159a3e9eb5a15,403,0,50197.0
fdc21e0a82363af819506a2c22354b6ec710de90ca98a256d4b159a3e9eb5a15,404,0,50320.0
fdc21e0a82363af819506a2c22354b6ec710de90ca98a256d4b159a3e9eb5a15,405,0,50320.0
fdc21e0a82363af819506a2c22354b6ec710de90ca98a256d4b159a3e9eb5a15,406,0,50241.0
fdc21e0a82363af819506a2c22354b6ec710de90ca98a256d4b159a3e9eb5a15,407,0,50320.0
fdc21e0a82363af819506a2c22354b6ec710de90ca98a256d4b159a3e9eb5a15,410,0,50320.0
fdc21e0a82363af819506a2c22354b6ec710de90ca98a256d4b159a3e9eb5a15,411,0,50320.0
fdc21e0a82363af819506a2c22354b6ec710de90ca98a256d4b159a3e9eb5a15,412,0,50320.0
fdc21e0a82363af819506a2c22354b6ec710de90ca98a256d4b159a3e9eb5a15,413,0,50145.0
fdc21e0a82363af819506a2c22354b6ec710de90ca98a256d4b159a3e9eb5a15,418,0,50320.0
fdc21e0a82363af819506a2c22354b6ec710de90ca98a256d4b159a3e9eb5a15,420,0,46946.0
fdc21e0a82363af819506a2c22354b6ec710de90ca98a256d4b159a3e9eb5a15,421,0,50320.0
fdc21e0a82363af819506a2c22354b6ec710de90ca98a256d4b159a3e9eb5a15,424,0,50320.0
ff483c74ef2977bfcf04be0a79363af72d1812aac9ce1fcdf671b4433218f6ad,397,0,8819.0
ff483c74ef2977bfcf04be0a79363af72d1812aac9ce1fcdf671b4433218f6ad,400,0,7739.0
ff483c74ef2977bfcf04be0a79363af72d1812aac9ce1fcdf671b4433218f6ad,404,0,10293.0
ff483c74ef2977bfcf04be0a79363af72d1812aac9ce1fcdf671b4433218f6ad,407,0,12214.0
ff483c74ef2977bfcf04be0a79363af72d1812aac9ce1fcdf671b4433218f6ad,412,0,8822.0
ff483c74ef2977bfcf04be0a79363af72d1812aac9ce1fcdf671b4433218f6ad,414,0,4647.0
ff483c74ef2977bfcf04be0a79363af72d1812aac9ce1fcdf671b4433218f6ad,420,0,9700.0
ff483c74ef2977bfcf04be0a79363af72d1812aac9ce1fcdf671b4433218f6ad,425,0,7075.0
