cust_id,lupay,byymm,cycam,usgam,clamt,csamt,inamt,cucsm,cucah
01b1735c3dbf0a35c1c989bb45434ce4326b365b73db0612190e56b2858e0184,0.0,395,120633.0,0.0,0.0,0.0,0.0,0.0,0.0
01c705b457297805c1c08137cb3adb164b8f393c265db2c3aff0a5484a703302,58921.0,395,306239.0,11476.0,0.0,0.0,0.0,9658.0,0.0
035e2ebcd5c23f4dd0f1fc81a1fca8afd3121f7431bb585fa99c22e1a7164dba,7499.0,395,1526090.0,20630.0,0.0,0.0,6613.0,7002.0,0.0
0397056eb3652da244521539502ba1125c61c33c02a0084f9dae183bf6ae0508,132680.0,395,411253.0,392358.0,0.0,0.0,0.0,358382.0,0.0
03e1bde277b33ccb68dc08cb120c761649622f44b0acc1fb284b7e1ef5ced626,0.0,395,20778.0,0.0,0.0,0.0,0.0,0.0,0.0
041c3ed12155690a10a7abb58f379acefec0620512cf29bb69890b93bfa5b08c,307.0,395,62556.0,-10.0,0.0,0.0,0.0,-10.0,0.0
049e79bfc188548b91467667f531e952756817bea288def2809353968202a972,35853.0,395,208736.0,45085.0,0.0,0.0,0.0,40165.0,0.0
05304db8b57d47880830c5c773d9009abbdf1d26db85b49d668515d005a1c3d5,2652.0,395,150688.0,2211.0,0.0,0.0,0.0,2204.0,0.0
060e4307caae83b07b0a86dd3b77f3a7e77eb18fae2a361fa27857760ee8ad49,506.0,395,103339.0,413.0,0.0,0.0,0.0,413.0,0.0
0658224f10ea4c5c8b4252f1bef32ee1071dc504bfc6704a706a6b4a21f2a116,0.0,395,314257.0,10023.0,0.0,0.0,0.0,10023.0,0.0
067beb2294918c7d18f877a415e7ca9dc67723d1eac562094da1dc16270615f0,0.0,395,30295.0,0.0,0.0,0.0,0.0,0.0,0.0
06be1ee7d2c0bd94fa522e7a255fcb128e23fd13e6ae70bb3207440b73c98b40,3104.0,395,413817.0,1035.0,0.0,0.0,0.0,1035.0,0.0
06c881046448226f804df9100ba0e9fc8212373e302d77c4f68b893cda092913,24082.0,395,1017292.0,7678.0,0.0,0.0,0.0,7678.0,0.0
072f6464b5d45c6eecc33b8e57ef4048d9848fdfc32aaae1922ec0d1f35d546b,0.0,395,100060.0,0.0,0.0,0.0,0.0,0.0,0.0
08d2b4ae3c03515cac79354b8f30e3287a8d427f8af2d6ece78074fa45c148d0,788704.0,395,50236.0,10653.0,0.0,0.0,0.0,741301.0,0.0
09ebce83dc21568072521eb293feb6cfc6fb74e0d287d13c0b4da19226e78c82,6985.0,395,104142.0,43173.0,0.0,0.0,6981.0,6981.0,0.0
0ab0b3e07980adfe167957de57d19d80444114466ea4ef8c817a4a1957fb12ae,11315.0,395,206382.0,144368.0,0.0,0.0,0.0,44115.0,0.0
0b73b3671ad1af7f6c776ff2aae21d7e3fe18f4d6141acd0050b1cf33aaf3a43,26984.0,395,103624.0,32035.0,0.0,0.0,1529.0,21197.0,0.0
0b743eb8a5ee4592e79642a655993639a115e0760d1e3980b67f628a8aa614d7,45543.0,395,351041.0,65286.0,0.0,0.0,5256.0,22772.0,0.0
0b9e8ffba6e141079ea6dd6ab07fc3fca7167384b320ba93cc1335f8250bf855,6376.0,395,52432.0,5355.0,0.0,0.0,0.0,4411.0,0.0
0bb1320aa588057f5e2a6520bc0cbee708d248be9e1e8bfb7d051da91ad80ff4,915.0,395,308900.0,6242.0,0.0,0.0,0.0,6242.0,0.0
0c1e4ef4e62a760e1ec3030424c41539eea90dffd61d07adca7d06c56dbcdda0,20085.0,395,182025.0,78033.0,0.0,0.0,0.0,73122.0,0.0
0c418e885faea6c872cc527880c46361514f4647778d53324cf8606c3dd162f0,89434.0,395,308393.0,315339.0,0.0,0.0,4071.0,64086.0,0.0
0c679405605ca5288e1230489975e02bd175ae939974270061b6b44c9b176247,121655.0,395,301842.0,132667.0,0.0,0.0,37161.0,63132.0,0.0
0cd4119b8fda39143ee655fd00c355a824aaeb2f16f12a0dae4caeb8b51e3043,0.0,395,136298.0,0.0,0.0,0.0,0.0,0.0,0.0
0d3e7ad0d93fda5febaf0dccd73ab1556aecc5339faa306068d79bc2cc827370,0.0,395,102056.0,12806.0,0.0,0.0,0.0,8581.0,0.0
0db681ab3e220d6a269d01df00925240f69d234fa193793058c99bb0b884ac83,1134.0,395,309683.0,740.0,0.0,0.0,0.0,740.0,0.0
0e7bfb193a03bc44b82ed7e49164a70040e8b2d07639664d37b841f3501a5472,1921.0,395,730274.0,11930.0,0.0,0.0,0.0,8715.0,0.0
0eb3827adba3ba98cc1d9dd0402d6957f086f419741443a5d1a6654093ef4b17,2662.0,395,101146.0,1211.0,0.0,0.0,0.0,853.0,0.0
102e3ba50d2b335b71e881df9ef5fea70124a240e8b15c5a4c5c3eabac4605d1,136166.0,395,180161.0,154678.0,0.0,0.0,28148.0,150904.0,0.0
1055d3fd1ce845e22dfe46868a85fd4903e75987f863ae236425fece3ddff2a5,3282.0,395,204436.0,-2065.0,0.0,0.0,0.0,-2090.0,0.0
10ebd78b4f92cb1dd0e6a7edd9e120223de59a83943b90c15f4544dbbd986c70,719.0,395,144603.0,4668.0,0.0,0.0,0.0,4668.0,0.0
11072a08aa0bc4f56d7c000ed9e2549a5a1da349cf2e517e2db03e4368d3e9d0,95263.0,395,258866.0,232377.0,0.0,0.0,0.0,147657.0,0.0
112694ce0f5742d4f3831ecc99f877624ca17c65f04d2c137d475a9ee5b936ac,21445.0,395,303124.0,8842.0,0.0,0.0,0.0,8842.0,0.0
1173e910fe23e4dd3952eccfac367a3a06068df122a43cf1d1905d01e6446bb6,8282.0,395,83909.0,84841.0,0.0,0.0,0.0,7329.0,0.0
11d4200c2308448007fa30bc96c9813efccff67d21aec116275ddbf8561bc8be,187350.0,395,61119.0,23840.0,0.0,0.0,0.0,18244.0,0.0
1232a78ccca7ff6717e5806dafc721c18a4c19773275d226e0db85ef93136d16,0.0,395,123968.0,0.0,0.0,0.0,0.0,0.0,0.0
1288005f200041d39f0bbb7c94fbc8a7de1e2e21ebe25c56817138cca240c337,2169.0,395,121551.0,50177.0,0.0,0.0,0.0,50072.0,0.0
12c9e6d35500d2a96fc2b22a9da8e3deb6048de515a16e9187a67cdcf485350f,0.0,395,120106.0,0.0,0.0,0.0,0.0,0.0,0.0
12da1653493fda99b09d5ca125fbb1d58fa514da8d8f8ba1e28c4941679c868f,1617.0,395,365282.0,5587.0,0.0,0.0,0.0,5587.0,0.0
14330f4d364ba17e248e52cfa9bdff09844891c0a7bf7dbc49feddaf1fa9a5bc,18841.0,395,130047.0,21409.0,0.0,0.0,0.0,10240.0,0.0
163e6489fdbe03f70152d95cc39c914411ac9b808267a522def6bd86ff4c52b1,10459.0,395,51014.0,7447.0,0.0,0.0,0.0,7416.0,0.0
16842078a841ff3214c82ef2f2cee6fdea7a99a5333b748506ef7c76d3163f66,0.0,395,657133.0,0.0,0.0,0.0,0.0,0.0,0.0
1784d1a054cbfa24c8cdac9972896955db94afdbe721e98e749c9c03f0164e92,1462.0,395,201363.0,17267.0,0.0,0.0,0.0,17048.0,0.0
17f831c820c02986df4494002dbeefdd14b4e63d1d0321a0ca0c358665092fd7,20081.0,395,104902.0,103081.0,0.0,0.0,2134.0,23268.0,0.0
18765264db9a753204d01e2a8a04843fec8db97d1209a29d813c63c8190a34e7,51566.0,395,309399.0,81220.0,0.0,0.0,0.0,34352.0,0.0
18ee644a371548e9780d701aaa7e0c8c42a7794cdee755604435bb59b1d81304,0.0,395,313340.0,58860.0,0.0,0.0,0.0,0.0,0.0
1a38d11e93a25e855e46d313347577f823274e9de332ba13e650743f3ce15055,25696.0,395,30958.0,29710.0,0.0,0.0,0.0,6152.0,0.0
1a3efa69705f611c7ef2384a715c8142e2ee801cfec9df4eb21131c33fc247a7,916446.0,395,18183438.0,1941526.0,0.0,0.0,903389.0,903389.0,0.0
1ae1719fc78f717822512ebb4c15b49868cd75f78722ec5454503ef11293ec5a,715.0,395,136182.0,261.0,0.0,0.0,0.0,261.0,0.0
1b8f97b3852fdcc30e8ddc6181fb14f046ef3d38b9da3ae17c09cc04a233f0d3,0.0,395,520066.0,0.0,0.0,0.0,0.0,0.0,0.0
1bf9bb3d619f6a6c99ca281a258ee3d3b6ed81df01f419bca5e4b2e81543e702,0.0,395,30047.0,0.0,0.0,0.0,0.0,0.0,0.0
1c415752f9ce857c18d7c4e7350bdd269c76f393696483621ad5559445b9c70e,12179.0,395,152343.0,11442.0,0.0,0.0,0.0,10969.0,0.0
1cddafff624cb0350f4737d4bbcf09f30bb302fc0d1ca1b6167b5fddb95834e2,16374.0,395,92152.0,15014.0,0.0,0.0,0.0,15114.0,0.0
1e15d5cea5f386783ef3e29143d7639f431ac48f499988e1a44f21cbb55307f7,2807186.0,395,40124337.0,35949164.0,0.0,0.0,3029019.0,3029494.0,0.0
1e7e8f6ba86a06bfb8d90f1f8381ceff510c29bc170580a96f4ab23839466ed6,21692.0,395,104238.0,44763.0,0.0,0.0,4947.0,33900.0,0.0
20198b84c0b319c0e9e16ed178194e0c7ebed40e4b8fabfcd7687f178e684d23,0.0,395,70504.0,0.0,0.0,0.0,0.0,0.0,0.0
20c11591b4782c03f885512ba88c802931d397209ef1500de962cb1b57ed82bb,0.0,395,50319.0,0.0,0.0,0.0,0.0,0.0,0.0
22f043b4f96fe1b44b628491d2707242b02d9dd48006612bdd2823764b9911f4,34745.0,395,101398.0,-516.0,0.0,0.0,1205.0,22872.0,0.0
24110a2ec5a36adb9dbb6540faf32719b82f3b181cc37ceab0041e2a35a2cc87,0.0,395,50839.0,-18531.0,0.0,0.0,0.0,5479.0,0.0
2475fa8109aa1510d9609be28efc107b33387d4203e918bbeda56bd4e805e478,55830.0,395,203389.0,29406.0,0.0,0.0,0.0,51085.0,0.0
24e218f3f19b2d9b1b12cc77952f0abe6ae8918d5c5dcd708f523c90c45d5ae5,0.0,395,81792.0,-46.0,0.0,0.0,0.0,0.0,0.0
25a92cfa4b94421264311a059e3e48947f997665a3eb0d4abe5dc95524b66b47,0.0,395,522679.0,0.0,0.0,0.0,0.0,0.0,0.0
26163a85564a006bc871b50727a78bd3ee52075f2680e47818f3867e7dee2f12,22283.0,395,314679.0,126311.0,0.0,0.0,4716.0,13393.0,0.0
26aaa34eded8b4e9289d7ea085ad30c7ed3648e51e9cd050ef306a3ae0f7a348,35804.0,395,314182.0,127840.0,0.0,0.0,8368.0,95324.0,0.0
2703c0129bbcbb582566d48ed903e833dc26856f0e7dd74c13c18126c4007bfc,27866.0,395,30158.0,32422.0,0.0,0.0,0.0,28920.0,0.0
270d4e5a6bc68ead954394fc9394fa36f01a5bb258ac9fa9a581ce8957b310ae,46717.0,395,302667.0,54361.0,0.0,0.0,5855.0,49562.0,0.0
271b13edce033aec48c73d12d21a82d2bc7bd0ae70c1a4c037423d4ed1dd7805,6919.0,395,305895.0,29581.0,0.0,0.0,1039.0,16222.0,0.0
272d9e3da3fbf29b1f9c5ebf66207841ea582cbf15b14f669bc14ea78969666d,0.0,395,30807.0,0.0,0.0,0.0,0.0,0.0,0.0
281b3b8306dcb663f2de5dc9eec401470e440d793d9db705069f61f944d5b07f,19481.0,395,155060.0,135690.0,0.0,0.0,3293.0,20594.0,0.0
2886a332d3530dcbfebeb0292251d04c1e0c20e767051dbfafd1e09fd7b864f4,172798.0,395,51275.0,64624.0,0.0,0.0,0.0,174699.0,0.0
29465e1734bb94ff88d458cf9a817c4d72e8774472535e3f3fa1aacfba3b2969,45083.0,395,103590.0,64747.0,0.0,0.0,8718.0,64124.0,0.0
2954f57f75e74d617c26ed9649bdce284ba38030675fa975f1aeaabd3cc568af,152062.0,395,310534.0,171924.0,0.0,0.0,0.0,169468.0,0.0
29bf2b73d78d9940f58566150aacca20aad89d5d02f2dfe9d225bbeab7c2796c,0.0,395,255282.0,0.0,0.0,0.0,0.0,0.0,0.0
29eb3c630be52f32bb449952cf6119927df3901ec51bf175bfc91fe8b339250b,0.0,395,61472.0,0.0,0.0,0.0,0.0,0.0,0.0
2b028673dcf058d2dd1c9652da17f5b4a3b8c14a7bd2e11154e7b567183eab3a,3912.0,395,100793.0,80936.0,0.0,0.0,12465.0,12925.0,0.0
2b0da14b4ad3b13354c240dce039c2306494bdab1f727ea69cf932d3d6da860c,815425.0,395,61619.0,61440.0,0.0,0.0,0.0,876941.0,0.0
2b58169b07abdcb484bba325b03061aec9e02c89d9cafecdeda25008d8a968d0,0.0,395,101386.0,0.0,0.0,0.0,0.0,0.0,0.0
2b648c83e5e9e8a193006112beb29e8f138fd13586b8613bd310831c6af60055,31085.0,395,187307.0,80683.0,0.0,0.0,15199.0,43553.0,0.0
2cbae2a984f9c7a8749097027ac7a00052bfee7536a287071fb3ea50b351f323,0.0,395,203714.0,0.0,0.0,0.0,0.0,0.0,0.0
2cfc3ad87141aab254bc667d0ecc7fa6f33c29a1af6ec673bd6d54a33eeebc79,5336.0,395,209278.0,16057.0,0.0,0.0,4211.0,7636.0,0.0
2dd5ac75e839a8d77130b7c2da78cbff781f106656786ea6b5fa4234bb849014,7834.0,395,50526.0,600.0,0.0,0.0,0.0,600.0,0.0
2dde6eae364959cd5bdd44be539f3df6905474b945f9ceafb9a85d87ecc87f97,2041.0,395,125001.0,1333.0,0.0,0.0,0.0,1337.0,0.0
2e10ac9af9390357f93f96a432cd37746cb00369af0b83a5d0e2c576eb7a95e8,158132.0,395,303514.0,110730.0,0.0,0.0,0.0,110715.0,0.0
2e74e8273d767f692e5f8febb95cb451ddac35b7923858cef1ebc216588f2272,78.0,395,50017.0,6546.0,0.0,0.0,0.0,0.0,0.0
2e80a1f677f281f177a7983f3090961af9d3658c216ecc62cc67499ab460e5aa,69328.0,395,705905.0,91445.0,0.0,0.0,0.0,81778.0,0.0
30b1f5a890ede859038f60def94f46c483cca6807405fef9a4c4be75153eea55,6048.0,395,204090.0,51730.0,0.0,0.0,6048.0,6048.0,0.0
30c00ac8f2a5ac774f41f60dba8e841a35d0b9c7084de746a74317a743755a64,1531227.0,395,1532250.0,1461108.0,0.0,0.0,0.0,2550133.0,0.0
30cbdecdb4a67f6c722049008ad1e19d4905dace694efa3820bb4b5871f6108b,0.0,395,125318.0,0.0,0.0,0.0,0.0,0.0,0.0
30fb9944aeb2a021508cb51f7891dae5c64d3c164e9cde0e470fe86207c16945,8562.0,395,724507.0,3625.0,0.0,0.0,0.0,3619.0,0.0
317ffa21b14f16b2b0aa6b3b204cb93e82c7505a9e170ff238b113fb01341a93,0.0,395,130796.0,2178.0,0.0,0.0,0.0,2178.0,0.0
33ff49ea8a07c6d1b7cc203dcc3638ebde62dfb960a1697c8e5a55dffefc1cb6,0.0,395,206759.0,0.0,0.0,0.0,0.0,0.0,0.0
343498b7313155b9c484a6329d224ac1cb52eafa450e68ae3c27a81f52eb47c5,0.0,395,124650.0,0.0,0.0,0.0,0.0,0.0,0.0
3475bb34b85a1c88ccc45983f1feb33dc0399829454ca83a9378dafa21315635,23660.0,395,2055610.0,112819.0,0.0,0.0,41624.0,54694.0,0.0
35be3ac1b5546cd23fdb06f7d324cada830fba6963bf02d05631608b13fba871,0.0,395,412964.0,88648.0,0.0,0.0,0.0,87326.0,0.0
35e8952128979e55c27046c9adb2a18d150b6aac2b64452cfc1e88991a52ea9d,0.0,395,91633.0,0.0,0.0,0.0,0.0,0.0,0.0
35efdb7f15d0e61d8eabda0871c91edd5602b7620852e286646589bf05fe08de,9863.0,395,93609.0,58209.0,0.0,0.0,9426.0,9842.0,0.0
361c044861f34d317eb7ac6e84b0015978f19ee62412f7f926e121d46dfd4d6c,0.0,395,143196.0,15342.0,0.0,0.0,2557.0,2557.0,0.0
36586210d146ac7ed8b59044cb10bd599037a1d37d6ea1b8c7ec6d573ec082a8,3745.0,395,81409.0,2251.0,0.0,0.0,0.0,2108.0,0.0
37a4c42d60f9f5fb942f407191cf265bcf58a71f1acb4edcbd53dd48459d437e,23390.0,395,40052.0,11845.0,0.0,0.0,5830.0,11183.0,0.0
37b3a0e7fdd717d1a93f71af0e0e70e49210d0d2b7586ec853bb70e0a4bbcb5d,7267.0,395,83906.0,2990.0,0.0,0.0,0.0,2754.0,0.0
3825ab60e6721b7bea7a4a1198ec5d7b12ecb3d3dce564e041bc055c43c333a0,27761.0,395,30050.0,21163.0,0.0,0.0,0.0,20569.0,0.0
38b887e407b45638c97828c1976c06ad092439133d92deaa9338010f66e00d69,31759.0,395,178082.0,23084.0,0.0,0.0,3494.0,4841.0,0.0
38e6e9b38a6bdc614a9a3e5daf370f7e923903f6ce01410f6a2f8ad856fd895c,9867.0,395,136140.0,42379.0,0.0,0.0,0.0,39943.0,0.0
393d81d1eeab2da5db8cbc4c8c86b16a48c887628d501cbb427a333f77fa4397,2789.0,395,1019851.0,26545.0,0.0,0.0,0.0,7419.0,0.0
3944ef2e98a1a0547ac4dc95c23e160e3323d8152d2868f4ddf69af94d4f4153,19372.0,395,81083.0,21842.0,0.0,0.0,844.0,1470.0,0.0
39716398171ea9be1782f8b3810a2e99269a63bdf957f61de9e1b36b20381e68,0.0,395,30849.0,32657.0,0.0,0.0,0.0,0.0,0.0
3a02b46b24bf2edca263623d5accfe5250342284cd723a35f4513a8fc9178c52,0.0,395,52210.0,0.0,0.0,0.0,0.0,0.0,0.0
3ad79de1c7169660001082ac8eb3d14e167d9c9d2a100b3e05d633ea2105e116,12449.0,395,188970.0,25848.0,0.0,0.0,7849.0,17266.0,0.0
3afdd1b7c34d3faeeb99f84ab35b27309ba533151e7d55a6fe587d075fd3d27a,448.0,395,1040306.0,150558.0,0.0,0.0,0.0,150558.0,0.0
3bc6fb219db53732743023b302fbd041b9204af6d290a16c1b852a81954317e7,0.0,395,311426.0,0.0,0.0,0.0,0.0,0.0,0.0
3c57eb8ca74e5c1cf02cfd5403259931d2a7adb4f54cfcb332cd8684c4dd59ef,0.0,395,130629.0,0.0,0.0,0.0,0.0,0.0,0.0
3c9039ea0c92c702ab8facd8b13f98f72c52728bc5355a6896859b30a7f1c004,458580.0,395,3794955.0,1709568.0,0.0,0.0,387232.0,393714.0,0.0
3da1a0fe59cfec28b709c3767625a43ad5b4dda50c6027cafddba7e392126555,32896.0,395,104013.0,91420.0,0.0,0.0,12675.0,24483.0,0.0
3e91bc7d6a3c2a72b56445dbe8aed03a68dea3a2f53c0918084d95965ab1e723,0.0,395,50499.0,254378.0,0.0,0.0,0.0,0.0,0.0
3ebbc466f829942af04d5ce211287426a082736ecd5807c9adf20bd940ca361c,34604.0,395,508314.0,57788.0,0.0,0.0,28348.0,33899.0,0.0
3f2eaaf60d444a30ce5b1852930b53eecab5b7e22ba5231349e569863234c502,1716.0,395,30483.0,26325.0,0.0,0.0,0.0,406.0,0.0
3fb0f3d6e0e48d60846d1b42db537ba0e290b5047bcda80f0b0a62cb64b93a7e,148600.0,395,513648.0,506173.0,0.0,0.0,21409.0,121216.0,0.0
3fb96f119ee566a46b0d3646a4ac87cb08acc6d8192dceacc5b0f0c16f5e4763,24009.0,395,260398.0,19645.0,0.0,0.0,1355.0,16794.0,0.0
4001aadd0e064138c25fede10ab5939ec764c3bc81994e3e53d4fde8b261768d,0.0,395,160683.0,0.0,0.0,0.0,0.0,0.0,0.0
4178a6f364152e04f25d1f456c4441733d2bf11f088e48eb2b49c465094b9609,0.0,395,30898.0,0.0,0.0,0.0,0.0,0.0,0.0
42f397e393810cdec53ec2928d63f373ead515a76326977210bafe79aac1f9ee,5989.0,395,307263.0,50417.0,0.0,0.0,0.0,36337.0,0.0
43241941285b4b484cc77fcb3ea5cbd18999ced6c7de9a7553ca579c2c366c0e,0.0,395,51448.0,34949.0,0.0,0.0,2739.0,4864.0,0.0
43580aa15385bb075b636f054d52bdd184eca4f00566ebd752db1a425cdbc173,6739.0,395,104542.0,9392.0,0.0,0.0,0.0,9354.0,0.0
43c276c6da524c4e1ee9bdebe3c45d760d7c50107ee91052f8030287cffb096f,1760.0,395,60447.0,28078.0,0.0,0.0,0.0,15539.0,0.0
447ce7ab639f210af3e3abcb2bf04bf11f43d9594da1c5feb410fb77b5e438dc,33004.0,395,50264.0,70993.0,0.0,0.0,1387.0,67550.0,0.0
44816d169adeee99f49c09543b21f205807e4f6871396179126abd2021a230b6,7046.0,395,112257.0,2399.0,0.0,0.0,0.0,2398.0,0.0
455ca5f891e493ffbba3e6aa0c365282d8d128e3d9a3e0d41aa1bca26efca026,8536.0,395,61105.0,689.0,0.0,0.0,0.0,689.0,0.0
45cae92a52b7c3db076d25933f32228455109ab562d55c86cd1adc51a42d7bd9,533293.0,395,101836.0,10215.0,0.0,0.0,0.0,534558.0,0.0
45e5e56a2ba7db1cb0230af59c21d7b31bea16e3226f7e925c87ae926cece50d,23963.0,395,71569.0,20894.0,0.0,0.0,1278.0,9391.0,0.0
4602c4293a021d5ba5340bb9993ae6ddf2de34220febafbb4f56f3b720753042,410.0,395,102439.0,0.0,0.0,0.0,0.0,0.0,0.0
46eb67c442f694abfcef7f36fe5a30e7d98addbe6e8d3e6a67723a4140822381,3047.0,395,308582.0,8781.0,0.0,0.0,1220.0,3902.0,0.0
4710c52345e61d4a197c879fd011f6e8ccbfa7d804515b447e39c143461ae073,0.0,395,202103.0,-61.0,0.0,0.0,0.0,0.0,0.0
48b347d793207932440297d978088d5aa2cb6792b769beb2774a772e55a566ad,67716.0,395,135564.0,83624.0,0.0,0.0,416.0,29723.0,0.0
48c92ad31ff117b2824d595d0a3a7d9d63d622ff2e1104c2aa5191794a61cd7c,0.0,395,101839.0,0.0,0.0,0.0,0.0,0.0,0.0
490e9b066edb300654be35b68744fcea910dac303bd94cb39606ed9bbe82b3a5,10030.0,395,100301.0,91108.0,0.0,0.0,1663.0,2963.0,0.0
4918ef8c57ddbbba9b7695cd75855d042cf60b718a5e89b2ccfd87b7a9f895ae,1313077.0,395,313153.0,4424.0,0.0,0.0,0.0,951405.0,0.0
4951412b5a567e92a6c145247e6f66da8a8c2e19e2b08747c2a369ed07e95a4c,2733.0,395,350851.0,4807.0,0.0,0.0,0.0,4807.0,0.0
4974cd07394c019c0dc9ba01e949ac581e65e5aa74e4392dece7e8a1f292e6e3,32097.0,395,166570.0,85845.0,0.0,0.0,8839.0,24246.0,0.0
49c48554b13a036a89eeda33670fc7650c699b421ae1364c5e82427ebc74845a,0.0,395,110573.0,0.0,0.0,0.0,0.0,0.0,0.0
49f3128a76c44b29d9de1e3e41185cb2f091c3762501e080795c2bb2f8c49622,2090.0,395,31348.0,5482.0,0.0,0.0,0.0,0.0,0.0
4a85cbda26d32afbd6e08c2bcfa0caf731ff70e1308eb627579fbc8eaf5a68e9,0.0,395,255663.0,0.0,0.0,0.0,0.0,0.0,0.0
4a899510962b1fd4f1500a286c6cb13cc25fbdc7feb0cde028c02a32e4815676,652.0,395,310394.0,15384.0,0.0,0.0,0.0,0.0,0.0
4b68ffb1d40397c9d6d2d4878c39c8db132908811927a918854debe5a53ec250,0.0,395,80292.0,83416.0,0.0,0.0,0.0,0.0,0.0
4bff1291dbe1a56adeeef07291b8dc6e3d116eee054c8c3fb6fc7e458523f64a,0.0,395,50009.0,3514.0,0.0,0.0,0.0,0.0,0.0
4c25176e47c8f7189e29c87077f3f45d4fef708134164285d9337efa93a829d2,144005.0,395,202824.0,68350.0,0.0,0.0,93345.0,157635.0,0.0
4c40966e7f32460bf9541433df72a5e4317e697bbb6780dcc6d9283a6d29c471,0.0,395,80736.0,0.0,0.0,0.0,0.0,0.0,0.0
4c41c6d412f4ab233a725c04ca4fcbe7b6a56de1777de89146d0830d3b241dc8,10498.0,395,312280.0,13891.0,0.0,0.0,0.0,12650.0,0.0
4c7d8b7e50f404955a68f53ee2209aa5e5689289a816672a6c002689b9ca124b,0.0,395,309950.0,0.0,0.0,0.0,0.0,0.0,0.0
4e449b32868461117315c854a212ec8ebd534b495fcd98eaac7986dc2138280e,0.0,395,124915.0,2140.0,0.0,0.0,0.0,2140.0,0.0
4e4916c478a767bc0d5a24cfa2cd3e96b30ea8fcc7235079428c70739b822b70,0.0,395,203106.0,4477.0,0.0,0.0,0.0,0.0,0.0
4e61df8213c8d5614703c97f909dedaeb3214a3e8eb8f705bbbaa66876bc3b46,18963.0,395,412821.0,58793.0,0.0,0.0,593.0,32497.0,0.0
4eacada0c756a30c68d07fb9e07830f102fbd88a452318e881ba75e6f2e61d6a,0.0,395,30528.0,0.0,0.0,0.0,0.0,0.0,0.0
4edbfc8d437d3b0cb04b92cf04ff0b9938600bc845c7e9219647d68f88b15926,7888.0,395,627410.0,11803.0,0.0,0.0,3934.0,7869.0,0.0
4ee62fe681eadacf42a02da457668f042b2f4560a8ce2de5bddf2ad939222480,6650.0,395,70046.0,26389.0,0.0,0.0,3035.0,9384.0,0.0
4ee7dac5ab626b31e03b25e0f03fc35d15ee8e92f543da5961bcd5a5798f8979,0.0,395,167748.0,5918.0,0.0,0.0,0.0,3164.0,0.0
4f1fa319a199a7dea426efb9019f74fbccfd96293be8b771d4278f852a4ca7c8,0.0,395,188908.0,11309.0,0.0,0.0,0.0,8280.0,0.0
5024e17035347d67569076e65809a238e0b014e6dee1dcd83e40875d9ddceaf6,6127.0,395,248598.0,264.0,0.0,0.0,0.0,264.0,0.0
50277fd7f0e0feb3956c68326f7e4121e0d3fa6b51b0d8067d4f72deb4945ce5,0.0,395,305364.0,0.0,0.0,0.0,0.0,0.0,0.0
50311ffd6da59ec47570a2a11f1c149ad0786a42b3b6b5e4dc214eb7ed358d81,0.0,395,30600.0,2482.0,0.0,0.0,0.0,2482.0,0.0
5037bace54d7694ea92738a07bb4e1799dfd305cae01032244c17630cfb16c28,84884.0,395,575023.0,6076.0,0.0,0.0,0.0,5764.0,0.0
5064baf3657deb3fcbad37374eaf3f8791be657af0fb5302e61665c4f3f64930,2955.0,395,152892.0,4529.0,0.0,0.0,0.0,4456.0,0.0
51d6de85a0b66e8bd7d4a52958b03e2f88361b7321afa7f92b3cd432bec3b62c,0.0,395,60184.0,0.0,0.0,0.0,0.0,0.0,0.0
520078cb00af0cb2fdf75f6ff98b08b32898b49c04da7465cc7ad347089129f3,32897.0,395,208407.0,34252.0,0.0,0.0,0.0,34335.0,0.0
52309d5d13c0a7376ba7e0ecfeb935870700f2198e3d092dcca4167faf9830d8,31009.0,395,403788.0,12610.0,0.0,0.0,1135.0,10872.0,0.0
5352186fe77eac01824062108acda28883d82fb59159424a1b4f9018ccb3526e,16552.0,395,1708240.0,1442586.0,0.0,0.0,6591.0,37411.0,0.0
5369aa93ad8f45c9da563fb9a45e7d2ba41ec7a51c73023ab82adf9b10ef37fc,6487.0,395,157411.0,14255.0,0.0,0.0,0.0,14188.0,0.0
538f5687b94e3ae575be14452e8204cf333ac3901ad0603e5e5b1be4bdf36e05,11042.0,395,30906.0,30266.0,0.0,0.0,0.0,10923.0,0.0
53c2de741f43230ca11c02ee653029db35e5c65c24c91b200f91453f9cdf2f3a,942081.0,395,180976.0,7035.0,0.0,0.0,0.0,948254.0,0.0
53ffacd3b2ba83718b08995190040f1080d11ffdfd9c5dda36b9a475ef9cf86e,2098.0,395,258838.0,0.0,0.0,0.0,0.0,0.0,0.0
5489405823583e9868e378de28106219e9e7f66038cccdadd221e2487a19445f,0.0,395,303987.0,0.0,0.0,0.0,0.0,0.0,0.0
54f0cb69582a0fcace9254a214e3fc5b2e18d6df8fc7916d04f23aa793abfd21,37666.0,395,612694.0,233885.0,0.0,0.0,25762.0,68698.0,0.0
556ae50bb34155ce4bce2bd468b182903a6b5d2d96dae1ab1288df11c715b431,21384.0,395,512802.0,61711.0,0.0,0.0,0.0,61629.0,0.0
560202f690034d433f948404fe5e062b8e2f8535e655447673cd0deeafa49cf5,2418.0,395,171480.0,23947.0,0.0,0.0,2418.0,2186.0,0.0
56a540cb630239b6dda382e57b2f3268314aabb7bc8517a8f86141e5d3b9182a,0.0,395,50844.0,0.0,0.0,0.0,0.0,0.0,0.0
56ceed45bf349e85cb67785e424daa3f6d0508c88363de1f704dc93a64b27bd1,44445.0,395,102010.0,115912.0,0.0,0.0,0.0,60790.0,0.0
57020b2d54bd5ab434610f6a16b36860642425cfced63dce825de7b94229055f,0.0,395,80795.0,293.0,0.0,0.0,0.0,0.0,0.0
5742b1dcfccc74572ee956591728bab60f3a931e3beb4ac17a3287c0ae2952ce,8290.0,395,450643.0,22423.0,0.0,0.0,3124.0,3796.0,0.0
57498ddbf617024cafce8fb57e6cc3836d0dd03b0b1a6cfbd750b3bdf2b7c3ef,504.0,395,342857.0,0.0,0.0,0.0,0.0,0.0,0.0
5788816bf397c5bfbcd1eda0a3a4490688a480e0e37eb936ff8dd44dee53944b,15695.0,395,132885.0,30679.0,0.0,0.0,6338.0,13771.0,0.0
587c30a990c073581b65263ba2ce497c78bfb0ded767ff14538918496007e532,0.0,395,205268.0,0.0,0.0,0.0,0.0,0.0,0.0
59d6c773f8cb84d5105f0883f8a4857ff13973d0ba91d6c68b833accc7205885,4977.0,395,200888.0,0.0,0.0,0.0,0.0,0.0,0.0
5a40fe184f064c57eb183b7fa4725c9b806f7f921bff3e58d281303a271d87bf,139032.0,395,1029198.0,60944.0,0.0,0.0,0.0,60944.0,0.0
5a54939c7a1313bf7ed2cefee28fbc18e3a906aaa6bf9ac49b5f0aea8cad19c0,0.0,395,160727.0,0.0,0.0,0.0,0.0,0.0,0.0
5bca2db928cf04e14c16587880e2b2f2ebc2e7d78b6be0a5e95dbf82bfa2ee32,11125.0,395,1032058.0,9325.0,0.0,0.0,0.0,6108.0,0.0
5c5266c03e82ed4e924381395fd15c27b47c84816ff6516410d8821a781126ba,199586.0,395,102081.0,101374.0,0.0,0.0,7655.0,204229.0,0.0
5c76e98ba1b73bb6417747d4aae79e03ff9cfbb1fd302a30f0760f8f22f78d4d,4109.0,395,100346.0,61669.0,0.0,0.0,3350.0,3350.0,0.0
5d4f03ee084cec4418a465f76b5c265ef8f5b0b28ca75593dfba2c282a8f93f4,1029.0,395,30856.0,13924.0,0.0,0.0,3516.0,5653.0,0.0
5da5ec815c6888e6a5aa7301f71aaa61b4d28a8962b9654d64e0050e5b05ca79,1460.0,395,310070.0,0.0,0.0,0.0,0.0,0.0,0.0
5de5e483a1265db5236715771bf087c340cf64b9ae254aeffe31520b5a27d5ce,15674.0,395,206278.0,44059.0,0.0,0.0,11760.0,17515.0,0.0
5deb26d41f21535fe62ba7b458c8a1c19aa2c449c19b58e57f517d00eb27087e,2410039.0,395,110460.0,-143602.0,0.0,0.0,0.0,2533005.0,0.0
5e0150014b5acd95b763b2cd6f540f404bd2156d59a07d9d6a03193e1f1ebc51,40596.0,395,1011059.0,4478.0,0.0,0.0,0.0,3713.0,0.0
5e67e73876cb2c44771937fce8af2c90c944ae55e6d4b35a93723317c6b20eb1,30149.0,395,101319.0,99399.0,0.0,0.0,49861.0,51968.0,0.0
5f42ded448c8d2b7b9b0aab30995c9555667bc02931186bb594965f0cc030a59,2613.0,395,186569.0,8880.0,0.0,0.0,1223.0,1223.0,0.0
5ff36b4d21974c531ad495a26d22e976a16629f63565c36fda7f63621208ab0e,1955.0,395,62205.0,1232.0,0.0,0.0,0.0,1232.0,0.0
605be1af0245f872d8adc5b5e23cafb27a4de11247dd07d90ea0b79f1da191de,14466.0,395,31279.0,1490.0,0.0,0.0,0.0,1490.0,0.0
614d368c81e30dcb3a1e4fa3e623034e43ec9f601e552bbbb211f6ee2f3f9ee5,0.0,395,82803.0,0.0,0.0,0.0,0.0,0.0,0.0
620c5ff5872190da5adc357abe96f446a36038bb9245fb7c56a06113f78ebfb5,0.0,395,20040.0,1631.0,0.0,0.0,0.0,1619.0,0.0
6312cb5b502ed233a484f1ca8b6e081578782fb7ab2ff0df4ec7082599fd805e,66487.0,395,518902.0,36244.0,0.0,0.0,0.0,28498.0,0.0
6327be1ce7b34d700f562265de483e53b52082c423066358d65e9b9b6aa9693b,0.0,395,112058.0,-518.0,0.0,0.0,0.0,0.0,0.0
64ffc6fa243723e6b746f66e235f894c7ec3bcd15fdcf676dc857e426f6afd44,7085.0,395,165224.0,10063.0,0.0,0.0,0.0,9955.0,0.0
669a0ed06f8ac2cd1f2bdd8f26464edfb5197b561ee0df352225c05ce2109d5e,19627.0,395,134366.0,8489.0,0.0,0.0,0.0,8489.0,0.0
670c37a5d5b00c24938a6df45159a59a182ee87338cf90ae37e6775071df06bc,0.0,395,1009426.0,-51561.0,0.0,0.0,0.0,6057.0,0.0
672134329764104210fbdb2311c34cdb08ea07a96ac2f4cc38946d8a8b46e1b0,0.0,395,51114.0,0.0,0.0,0.0,0.0,0.0,0.0
6743fe5955b5df74a46cd195a8859a2aef77e173ac795796647110c1e4500529,0.0,395,123625.0,74.0,0.0,0.0,0.0,74.0,0.0
67657692d6856504a9ab96bae3bbb21effe7f59f8aa0a4f34b305c032b68e54e,6189.0,395,103760.0,21264.0,0.0,0.0,998.0,15271.0,0.0
67f5cb11e82fbee902dbb29f52e5b40e87acc4f9d28916b6a89603c050ecedbe,75164.0,395,256502.0,186168.0,0.0,0.0,6632.0,147359.0,0.0
681545838ca95d445595be59d6f80bd9e790c9d437108c2751d831d360a9921e,15627.0,395,714461.0,61141.0,0.0,0.0,13877.0,18594.0,0.0
68dfe0db08394ddb0bfe82db88350e869487fb31c9b22b6add4cf3b28536cff8,0.0,395,345993.0,0.0,0.0,0.0,0.0,0.0,0.0
69e4b3f9d8a00539d8de34f6e3eaee8c793d7dfc913bbdb847a544a4c15c5c85,95376.0,395,984863.0,480241.0,0.0,0.0,89111.0,89865.0,0.0
6afb6e516ae596907b8170d1ee3d322f996d69d6bc123a55f3467cce792c16d9,0.0,395,122821.0,0.0,0.0,0.0,0.0,0.0,0.0
6b3a5c25d7aaaa94f1b88e8b5aa8345b5aae8cb5a97f881e0369392a3a66a21d,249.0,395,133871.0,73.0,0.0,0.0,0.0,0.0,0.0
6b7d85432673e3de2a544e3144e66564f5e855dc8e0aa92a907d66c72e7a88fc,0.0,395,30791.0,0.0,0.0,0.0,0.0,0.0,0.0
6bca6f93b8059ec294ad2379cc46471e360fbe95f0cd0379eca355aef290c0b6,15616.0,395,82045.0,12860.0,0.0,0.0,0.0,2605.0,0.0
6c0aedc1826b247bc84df7d43750d922fd2e62cbbe5b35ce0e912791139661cd,23860.0,395,51937.0,19500.0,0.0,0.0,0.0,19500.0,0.0
6c610b1ac3f95ad636289f166604b1c115fe6c1bd999b6568b7e81b626f3ceb4,0.0,395,310048.0,54887.0,0.0,0.0,4581.0,4581.0,0.0
6cf3b788fdae2916058b85337c61b7a96ee18095f3db46826ffa0858305598d6,0.0,395,30438.0,0.0,0.0,0.0,0.0,0.0,0.0
6d99c50fbf476854797aa6cf7e1383b0dce3b76efdb4f24886ecd0dbaebf7154,3010.0,395,101478.0,-2.0,0.0,0.0,0.0,-2.0,0.0
6dbc158435fc456d887b8a74eafc1f12bff2614c6cd5bcfc41f26400353c74a3,1941.0,395,102853.0,31895.0,0.0,0.0,0.0,13045.0,0.0
6e04413e8cee21a2eeba593b67f76537bec46c94b01e623cb0568fd39bee337a,49465.0,395,311516.0,101948.0,0.0,0.0,31323.0,36815.0,0.0
6e6f5b01248225733924b2266ef461b08bd55890aab9035942a2827e8387498c,26046.0,395,313124.0,89444.0,0.0,0.0,0.0,59151.0,0.0
6f3934029fe47353d73a2a19f18a5f7c4e93e437669254a78185ce8e3241daea,62263.0,395,30765.0,26887.0,0.0,0.0,2825.0,24492.0,0.0
6f5f0f91feddf414f5baf346387325ae9599645edde06a662b4140b0b0220770,8158.0,395,271599.0,6600.0,0.0,0.0,0.0,3583.0,0.0
6fa1f95eba0bad61db5590435584cdcd5647eb7ec30bbb619a030e913361cd67,11232.0,395,153159.0,117698.0,0.0,0.0,0.0,33041.0,0.0
706c2f1350b0682ce3983a1aba6aee7f8f0484de75123e4847dca07872236727,0.0,395,83060.0,0.0,0.0,0.0,0.0,0.0,0.0
7205e6b461024037cc4a8daff169d610a0c8d5ad358cb3683130c23558d9d6b2,727.0,395,311377.0,0.0,0.0,0.0,0.0,0.0,0.0
73774a0325924c074e08a8a04e3f0c3789f352308ae98536fc61a856eede2986,0.0,395,312151.0,284344.0,0.0,0.0,3005.0,13921.0,0.0
73d8eec2cf43fcc7fd6d8a8fb209e3bca6fe1967406c55dfe4302bc21e3f7f14,0.0,395,460298.0,1774.0,0.0,0.0,0.0,1767.0,0.0
74214c478dc6519fbefe4bc31693865bdcd698ab974b6435bb8fa842a3ed4fd8,10928.0,395,206512.0,180699.0,0.0,0.0,0.0,8568.0,0.0
74671cd87d68d8ce1f7a20cceb3cda38e33fddf7a275feba5d429b4694f7c500,0.0,395,50237.0,-48.0,0.0,0.0,0.0,0.0,0.0
7483b851dd4e695fdb92636883fb92c483cff2a9a308f0ca54de2c691478690c,4292253.0,395,837513.0,727757.0,0.0,0.0,0.0,4691827.0,0.0
74d19720e390aaa04dae7b6316c12c173d02faf512bdb4c09f5f3546d767f36c,104.0,395,91470.0,13546.0,0.0,0.0,0.0,971.0,0.0
75209ea8acb3016637a902b530fd2ce4c12981f4edeaa637c2a372cbc44833e6,5433.0,395,258829.0,28584.0,0.0,0.0,0.0,28396.0,0.0
75d35d6f4e2740308f5177adc753a7d1e314fdfbe007f191c4944f71a1fa50e6,18769.0,395,125006.0,26466.0,0.0,0.0,7178.0,15945.0,0.0
7629f010080267f680a4ca9c6cac71c4d4d86933dcc7ed2f3625fde2c161e9de,2065.0,395,81648.0,3193.0,0.0,0.0,765.0,693.0,0.0
76de39a510df17444d09a2e18c3330aeb629c6b00b5f198911d96d3831e82328,0.0,395,300194.0,12972.0,0.0,0.0,0.0,6377.0,0.0
76de530e7a2e51a5eafb346c3c6d05bde1418b8064a7a70da52f16fe78346f9c,545.0,395,1032047.0,9775.0,0.0,0.0,533.0,1254.0,0.0
771a0d51102604bb74f604b8e74ca6d4750621ffc600c7380427e22ce9d28397,14278.0,395,51946.0,51.0,0.0,0.0,0.0,12120.0,0.0
771a57982f94703e3c105ed3f768b68996d84abfc9ae7eb34074427363a6bfe6,0.0,395,207533.0,0.0,0.0,0.0,0.0,0.0,0.0
7775aff6ca1af46f134a1536b1e63b9a4b0fee6e0961fd8025add4a1996ac4ba,307639.0,395,314591.0,301319.0,0.0,0.0,0.0,296171.0,0.0
7886f974a8e92a1dc9ba110b1bff8359ba666f3bf29146a0b0a68c350c9feffa,0.0,395,50046.0,561.0,0.0,0.0,0.0,0.0,0.0
79ce25fb849bd5f3b81d0f1fd1d6bb89b5e493b08d9e88d2bf27d0cda5cf39a1,18323.0,395,122155.0,4590.0,0.0,0.0,0.0,5084.0,0.0
7a0f52225c08808e07753ca0a975a08a22dce5dfbd6445223eed8c3a70ed84c3,0.0,395,201263.0,0.0,0.0,0.0,0.0,0.0,0.0
7a1abd71768984f46670d10fd3b7175314a4c610065c34c8b34524ef8806baf9,2639.0,395,256338.0,2575.0,0.0,0.0,0.0,2602.0,0.0
7a89ebf85bcd41bd52c3f0bae53cf7a2fa6464f8bce6b954bb267e9ec99c517a,1955.0,395,30036.0,16470.0,0.0,0.0,1402.0,5624.0,0.0
7ac89a8471b4a1be6c36c69df9be3327ae2f4df0fe1bf875c53c7ca95624b1a9,0.0,395,50554.0,0.0,0.0,0.0,0.0,0.0,0.0
7ad1ae0da3e0299462b9d1a2d9526e7d2a188089d8e86ee6206e2b259f8c0e2b,0.0,395,30757.0,0.0,0.0,0.0,0.0,0.0,0.0
7b11104618d8caa65909eaac749c1a42594f3c891fe06212e04129dafb3e81f1,14823.0,395,308771.0,113524.0,0.0,0.0,0.0,120935.0,0.0
7be0e1b80b979ef041c20cde0b0732852b3da91a700a3932ea0d98c02c4803be,0.0,395,1025810.0,0.0,0.0,0.0,0.0,0.0,0.0
7c2181677a48136e27894287ec1f5c7eb14d762e1e14f46a0afd124e59e5a7be,8275.0,395,62868.0,5489.0,0.0,0.0,0.0,5489.0,0.0
7c413ca06153818aa363bfc73cae27e0a60b321bc86143eb81e6597cae595f13,90345.0,395,622241.0,144633.0,0.0,0.0,0.0,143952.0,0.0
7c757e5e53884166c16b81c3a44974a4be7fd068b3b278580bf6064a1c0ec223,8096.0,395,353906.0,17903.0,0.0,0.0,0.0,14469.0,0.0
7d8be00ad18f1fa336fca153f0f06e86625336863fa71114f57e473fd87b59b0,130263.0,395,1043885.0,180005.0,0.0,0.0,2192.0,162142.0,0.0
7dae135926245f0c0d05cac6ac3f6b08fcb1130dfe1fca4a2eae5f47ca6ab8ae,3653.0,395,82554.0,7017.0,0.0,0.0,0.0,6662.0,0.0
7dc094a8ab5bbb66cd65a57b8da3e077d600f775e2263a951c847813653c535d,36408.0,395,252701.0,60210.0,0.0,0.0,4633.0,32522.0,0.0
7de5ed94f40388a256095e8cceaf4308a87bb02e6ff7820fe8d094e81bf33501,50545.0,395,121309.0,88630.0,0.0,0.0,0.0,32519.0,0.0
7e4ec985f89f9acf68f952d82402488ae7195586d6fe8c88dc0dc33ae2bdbe1e,2530.0,395,205030.0,3835.0,0.0,0.0,0.0,975.0,0.0
7ee5e623a948edcfab3693237f0d1fdf17cf8e5181889cb4d6c9d6bc2df1db34,7896.0,395,306043.0,76813.0,0.0,0.0,7129.0,16481.0,0.0
7f69fa9eab8f397d367e2bb61ee1fa008999a0aab91e061e8f4bfe25fb35807d,97965.0,395,342995.0,113325.0,0.0,0.0,0.0,109681.0,0.0
7fa25b4a1fa31e9a3a5a3611a63f58af6e7867f1d193a569a9f1f5e1a3664ebc,0.0,395,83155.0,0.0,0.0,0.0,0.0,0.0,0.0
817cd03f5f52c2111476f35084a2376b4bc4d5c094b0433f7270a6261dc488cd,0.0,395,200763.0,0.0,0.0,0.0,0.0,0.0,0.0
81fa0100bc5af8787771dfeb412d5a0b619a3c58e6f0d483daf28909337c366d,6421.0,395,51336.0,17123.0,0.0,0.0,1450.0,9807.0,0.0
8202008d1339dfe3be36ebdc1abe6eb6159568860f144654032ad11ee2c85ab2,0.0,395,0.0,0.0,0.0,0.0,0.0,0.0,0.0
823fc5ce48cd827628ce0d1c574e6c3582cb772cf6173a9384df22d56bb72f0c,48272.0,395,80998.0,39114.0,0.0,0.0,2108.0,10247.0,0.0
82a71f121a1abc246eb31c69031f75c27f2e2126bc73e97f9d406cdfc63bb626,0.0,395,113946.0,0.0,0.0,0.0,0.0,0.0,0.0
836b7247a06530e013fe6c8d72b8bb9b8626b400369feb3a7cf73401568037a6,0.0,395,254861.0,0.0,0.0,0.0,0.0,0.0,0.0
8377872e1e34c93ddee848e0e3ecd4132d8e7b779b2871087018f0a30dda9a0a,1263.0,395,101786.0,31686.0,0.0,0.0,0.0,31325.0,0.0
83bd4ae219bffce01bb016ff7e739ff77d809f378a89fd14ee83895a145eb74c,2305.0,395,121372.0,6780.0,0.0,0.0,0.0,6509.0,0.0
8427069d21194ad0b1e4ae499db55c5b78d6c13acdf5cc8cf2504a2b4916cb7e,0.0,395,190398.0,0.0,0.0,0.0,0.0,0.0,0.0
856aa7ede330e5e96c38d4109cec861c517514a2b548e068b44a4f79a3660af3,0.0,395,311473.0,40990.0,0.0,0.0,6832.0,6832.0,0.0
85ea69f02753c13e02af864fe6587fef7ba9e86d22d9022a3281f14f7507e9f5,8048.0,395,134587.0,8754.0,0.0,0.0,1380.0,1367.0,0.0
8818561ed6ff5b9905b26a6b3cf9b61e2b9e3d62151ae4f024dcf812720b3000,0.0,395,155847.0,0.0,0.0,0.0,0.0,0.0,0.0
8853dd932fe925d6eb4d62b10e9a2b3a8a17e4c4a8241a2904c4d51f27dcc5f0,679706.0,395,409625.0,188648.0,0.0,0.0,5069.0,167286.0,0.0
891aa3687ff0b73637f88ad06d51247d6dd1d64f86e61a3ebc9e2c494d77a9f8,3072.0,395,30941.0,2721.0,0.0,0.0,963.0,1726.0,0.0
896d9d0e42aeb57b8079f8ed5de8f31e860df0d6f30559c2c870143174cb9567,65662.0,395,729730.0,207527.0,0.0,0.0,27777.0,64337.0,0.0
8971cde61828f36ce33df5d3b0c1b8c252afde05b07ec5f9e4a23bde81164611,29482.0,395,51107.0,21074.0,0.0,0.0,0.0,10459.0,0.0
89aea650c0c5838873e21792aae5790dcbb7668c3f12832039f3b6646721e0c4,0.0,395,134027.0,0.0,0.0,0.0,0.0,0.0,0.0
8ad6c338a1078ea5139423c7243914c0201f4afa21def82600d46594bff8e852,504376.0,395,100875.0,-557490.0,0.0,0.0,0.0,408280.0,0.0
8af18d87937633313c1040db8b01bd51bced5a9c041bff85f262aa64dee63864,1637.0,395,184186.0,819.0,0.0,0.0,0.0,819.0,0.0
8b292b44452777e59bd77ba3a487c886c8d0eccbe95e3b5eaaead727d9f98c9b,0.0,395,186664.0,0.0,0.0,0.0,0.0,0.0,0.0
8c39e52a32dbd223ea14521eae11a61a083f0f915ebf39f4d6db41d706694810,96283.0,395,1042533.0,905035.0,0.0,0.0,789983.0,817209.0,0.0
8c3a432e4bab41d54f6a6b42f8276c2f11913307c3f5e465844f55edda0889ba,80452.0,395,133553.0,44312.0,0.0,0.0,0.0,37516.0,0.0
8cc21d9d4e328562fb96d10b2d698714c95a48662b379d8aad7ba5290d71a5a0,1947466.0,395,31077.0,15457.0,0.0,0.0,0.0,1621713.0,0.0
8dd2e66e79e9f1f52cab342c0302a8b2b0f467f15b507ad63d91906c9957339f,504469.0,395,51476.0,30911.0,0.0,0.0,0.0,646600.0,0.0
8e2f3d71f8350b11b6be131a60094f40f8822a4b8f9822ff68ae13745ed340e8,0.0,395,308592.0,0.0,0.0,0.0,0.0,0.0,0.0
90108e55b285651254a19e974e7d013a937f9bd1290bd7612898ada3e357973d,298935.0,395,51558.0,51070.0,0.0,0.0,0.0,408302.0,0.0
9052b5fd2b97de3f7f9ad9718e1e1ff865c232da1dcb0122dc1203185db4075c,97669.0,395,307722.0,139715.0,0.0,0.0,0.0,94094.0,0.0
9177ddc696c399ca15bc720866979200c060fe6b5bf7a77d5113cbd493c2693a,0.0,395,141553.0,0.0,0.0,0.0,0.0,0.0,0.0
917dd8e011492bfef390c357e846e3fce500572199bbb6db4fbfa356c416df38,303.0,395,135836.0,0.0,0.0,0.0,0.0,0.0,0.0
9187621fc63e3d49bd417a9f2f2a3c29992d11ae0307880b6a6cd7b313d708ae,39368.0,395,329260.0,245229.0,0.0,0.0,13629.0,242158.0,0.0
928e0b93375de96b8c72f553be6175744d9e147696568f9dd4071c7fc9f9c23c,0.0,395,50412.0,26631.0,0.0,0.0,0.0,0.0,0.0
92ce2f8b5af6ad7a6da43a416c801c2548784aeaa48aed17ad14ff82fb30f8cf,0.0,395,62609.0,0.0,0.0,0.0,0.0,0.0,0.0
92f649ac0e8392fa85fa70b8d02ba959deb15978bbeb40cae0f55ecb7eac9992,0.0,395,100512.0,0.0,0.0,0.0,0.0,0.0,0.0
937525790c682522a07fe0ad1067826c1ef0c21cf76ed80c794468e387c34bbf,2109.0,395,123466.0,33747.0,0.0,0.0,2109.0,2109.0,0.0
94dfb17bdac8f62165b99da7c986554401c0c62316e680f09d4911d72978bcd4,0.0,395,150496.0,-22.0,0.0,0.0,0.0,0.0,0.0
95762212daf16ed6db11583d20dbf27f231a7e6fda9f498e24a5ae9398834430,9086.0,395,146156.0,6385.0,0.0,0.0,0.0,3727.0,0.0
9586b80d3ad1d74c0a1efe792cae2ecd073243fb01ed33fa1f70867748596bd5,0.0,395,199106.0,0.0,0.0,0.0,0.0,0.0,0.0
95a6c0fd787a7f03473b58897e0d696d4ba27c61003f9277493d438798c7191a,17478.0,395,113666.0,94506.0,0.0,0.0,13144.0,17344.0,0.0
95ab41da8e8d320cf84ed8fc7e700cdba6385031ff514a5d70556125dbb40030,74353.0,395,622102.0,370526.0,0.0,0.0,0.0,161810.0,0.0
95e7fa78370a8b9ca3e8ed35be05fc035951c9c9e6d4b455dcac2a1682359db9,31824.0,395,301337.0,41422.0,0.0,0.0,9098.0,27092.0,0.0
969a6067ed4f672c5bcc5b5ba3127056a1b95e73686ec382d277b07024ad8f04,1463.0,395,311792.0,4909.0,0.0,0.0,0.0,4909.0,0.0
971a5219169b40ae8f10e7e23e49cf4a8be951b04b84ab1877df14285e63c0ac,4082.0,395,16327.0,16228.0,0.0,0.0,2717.0,4234.0,0.0
9795f460ee8f046c0d314fa13f53259cb6ffd062f041d63ef9ea5477a64cf191,18311.0,395,186327.0,12513.0,0.0,0.0,12470.0,12981.0,0.0
97970feb892a999d2d651cd0b82ee114e587a4a99e03c029f5b946a0fe572086,8491.0,395,104252.0,100659.0,0.0,0.0,4174.0,27630.0,0.0
980aff277ee57cb21142fad7d8632850e4d7992a279d5dceca2bedf3e8fcbf1b,12683.0,395,72908.0,56921.0,0.0,0.0,8889.0,12195.0,0.0
983f28197f7881d909902a67160fd9979b195f6a518fc3deb5a747f4501ebf4a,0.0,395,200911.0,0.0,0.0,0.0,0.0,0.0,0.0
984347dcfa327b45747808e6c543fd0536e249ec716a714ddc0747c06ee2969f,14271.0,395,1320909.0,143882.0,0.0,0.0,17412.0,20987.0,0.0
998dd3707423e4e1486bd23d6b6705a16ac75e243a49acbcb82541296491b44d,0.0,395,176963.0,0.0,0.0,0.0,0.0,0.0,0.0
9ac9ab21545e4564f0a235ce23dd12094718d964cfad04a824fbd1aefdb58697,1211.0,395,209401.0,1073.0,0.0,0.0,0.0,1073.0,0.0
9ae2df3a1771be0435bdb6292d27ac2421824a57798c712b11c7b5f36e9f9094,59833.0,395,716528.0,213919.0,0.0,0.0,0.0,212693.0,0.0
9b3a801650d0ccdf83f25879b81419fc07cdfb70e2c74670aac180cba16b277a,275961.0,395,79187820.0,77972998.0,0.0,0.0,10176.0,150562.0,0.0
9b45aeac29df071d12003b462f5a3afdf5e506f5d75771de5fa610172b88f2ce,0.0,395,81281.0,0.0,0.0,0.0,0.0,0.0,0.0
9b46e90b9bf951b14c68702c5a3fff2fe28fbc061fc6e5e881c95ba35410e673,237450.0,395,134904.0,104190.0,0.0,0.0,0.0,184071.0,0.0
9b91812ca1771f5c7ead09f8be19c6a373f03be9a1fcebdf8ef3e113cd15e6c0,139.0,395,150304.0,0.0,0.0,0.0,0.0,0.0,0.0
9c00657996185dcca743b40d27e65ce4ebedbba8ff8d840e19c020163d978d6d,459854.0,395,30537.0,27677.0,0.0,0.0,1207.0,461044.0,0.0
9ca3bcf2c1a7a6bb56c8af0ac5aa1ad84e8d7ede472b65780b02543e42121f40,51675.0,395,103492.0,30670.0,0.0,0.0,1666.0,23727.0,0.0
9caa18caae5b12972c42ae8c2bb96f3c437ba223d5792379a1228e3ee7556426,0.0,395,300945.0,0.0,0.0,0.0,0.0,0.0,0.0
9d5f5e08e33f91a61858ea5f88675e7c3111bee8912a3f7732c1f252702b326e,1451.0,395,122850.0,1344.0,0.0,0.0,768.0,946.0,0.0
9e0260837cd7b7ce8212a55078d908ff7f6c770dac6a61098af6b5aefb21ea6d,16557.0,395,157341.0,22776.0,0.0,0.0,3603.0,19172.0,0.0
9f0339b9c085a0d569d41f7701ff2441a2dc6f630dcfa28753c9fbe47261c720,0.0,395,203210.0,0.0,0.0,0.0,0.0,0.0,0.0
9fb73750aaaa0d834c6c3eeee8ce093e0d4758a505351c9143eb66d521a0a151,2311.0,395,172462.0,11819.0,0.0,0.0,0.0,11553.0,0.0
9fcc02b5ff439ee403d6a48d5b2d1dd57c57df02918e5095bca6eb598bf9f90c,2083863.0,395,702558.0,661398.0,0.0,0.0,10705.0,2939457.0,0.0
a0a33aadc2db812079e38980653e7d6606fdb38ff240fede5af640721e5609eb,40185.0,395,70323.0,19680.0,0.0,0.0,1255.0,81320.0,0.0
a21187057b5df11165a5e67ed92658edf40aa85e0c7cd19d0b70150e22e7d1da,0.0,395,81112.0,14624.0,0.0,0.0,0.0,14853.0,0.0
a24545a07f17f66726570897c1e2dd172e3b97dba08479b1e57ae26a22095eec,0.0,395,80790.0,2766.0,0.0,0.0,5728.0,41249.0,0.0
a264f4da4d6aede67b8ec7c5042d2c27161a1ddc0a968ab1abbc085624857ec3,3383.0,395,82397.0,5110.0,0.0,0.0,0.0,5110.0,0.0
a27a4fd3b02a6712c8a04e375bf907a2e9c2bf5269038f373865cbfa74a27588,13003.0,395,615870.0,809.0,0.0,0.0,0.0,809.0,0.0
a35ca0ad8421ca39eaf5cb188848f888fb2fe7dc9e1da741fec337562bfea88f,18287.0,395,365077.0,46450.0,0.0,0.0,6216.0,28787.0,0.0
a3802c943c6d1f936ffca9fa32ac6e90b051bf09baacd3fa404986c5f9676ae2,3332.0,395,104194.0,9425.0,0.0,0.0,0.0,9394.0,0.0
a3cfbabb8c8fda77c86548daf53c8cd706586ee43f2175e86d75a5887758869d,0.0,395,239259.0,243099.0,0.0,0.0,11810.0,11810.0,0.0
a3fe8b9c854fe1ff34ed1364005b2010e14a30398f5c9b01cf5fd14f21ffa11f,97808.0,395,157461.0,2451.0,0.0,0.0,0.0,2451.0,0.0
a40d1557ac6fc728328d5de24fc0c2640de8d7754d853a5a09d234832d4c9b4d,1095.0,395,73278.0,3490.0,0.0,0.0,0.0,0.0,0.0
a581b0152887cac274094bf054d1928cbd120abf76270e2eaff27dfed7cfcaed,15433.0,395,157280.0,17134.0,0.0,0.0,0.0,16105.0,0.0
a62d70911e788d5fe609d2a7bb3ab800cb3c1ab4e923658fe066a9b3f225410a,5877.0,395,203252.0,4399.0,0.0,0.0,994.0,1418.0,0.0
a6fc8326d711987f071572d976c0bc8b591eecf1c4e759242d05f5a130b5fd75,0.0,395,100358.0,0.0,0.0,0.0,0.0,0.0,0.0
a98c7b12dca3bb6649172c780b2793a701602345ce4b2194ecb2aa7f9868c34f,13237.0,395,362937.0,218158.0,0.0,0.0,0.0,0.0,0.0
aac912677f6082eae57522759807ad4f7f9d2dfd7c9f259e36d332048b29cc4a,0.0,395,208489.0,0.0,0.0,0.0,0.0,0.0,0.0
ab8c8fe9ca14b4f08634e55ba1830cffbe1a1daecdbe77dfacb0408d35265e3b,60425.0,395,308017.0,242163.0,0.0,0.0,2139.0,207766.0,0.0
abf096a27727a09e1b91b452d3a55403927837ec6d34d446bc483ef83e2f811c,0.0,395,51583.0,0.0,0.0,0.0,0.0,0.0,0.0
ac8a804f8a4be16875f59b941a5cca38a6a92313538c82898fab347db054e286,6744.0,395,30304.0,26251.0,0.0,0.0,2642.0,13178.0,0.0
ac95ff716804b90210f2540ec5cbda6834b11022a3dabc5d4b153cb6e667e744,10674.0,395,122277.0,42091.0,0.0,0.0,0.0,41581.0,0.0
acc28d5439fe200c335441e2a4e91326ba036d262904b59a9140f3a748b46523,0.0,395,200106.0,0.0,0.0,0.0,0.0,0.0,0.0
ad65782631ef8664d532cb7f862af0cd3c62337074c3eabcecd4a60b9a83b5c9,21834.0,395,301719.0,82695.0,0.0,0.0,0.0,72173.0,0.0
ad69683d3035854d1431d0d485ac1a86c228887e9e239347500fceca327b10f7,2182214.0,395,52315.0,-169421.0,0.0,0.0,0.0,1835589.0,0.0
ad87180f85192a978637010ba153cd6a5e1d288d5f6bc8d34b6022600eb2fd62,34000.0,395,154283.0,11910.0,0.0,0.0,0.0,43830.0,0.0
ae131cfc3c0562a7c751b9f52b3b944ac5dd2213befc76ff23d047ead15442ea,0.0,395,111118.0,0.0,0.0,0.0,0.0,0.0,0.0
ae541349e4ec4dbfd434dcbaf17f99e0dab3425cbba215ac1046dfb89e5df944,0.0,395,123033.0,7332.0,0.0,0.0,0.0,4122.0,0.0
aef74bc74f501a38eb1e1eb64fc8b747ffcc0bee5ff9accc30fc7108b10c9108,40422.0,395,20908.0,15646.0,0.0,0.0,0.0,30277.0,0.0
af5b58775937c53d73b57e8e4066539144b0656195b268513e443c0e02e35abd,3381.0,395,136067.0,3366.0,0.0,0.0,0.0,2229.0,0.0
afb3f11b303b5eb0d1dde6f5ecd1615882504f6c40bcfdf574e140c1414e9e26,1972.0,395,71026.0,8295.0,0.0,0.0,0.0,8295.0,0.0
b0571434d22b24f2ed5f8fd227fcc38b3decfbe1ab2048b7a616188bbc8c4303,9957.0,395,151215.0,4073.0,0.0,0.0,0.0,4061.0,0.0
b0a578468b54394a9e61f2adb6abbe41fff7e7efb0898f1d14167529c341736f,402.0,395,251293.0,0.0,0.0,0.0,0.0,0.0,0.0
b1376e9558831e2bdd7456be697ffe67e7186a15c6c280db023cd790f1b975e9,26743.0,395,305796.0,30657.0,0.0,0.0,0.0,29670.0,0.0
b212d14cb35676926682b2cf849e295d948888f556c07e854c4cdad9f32f5084,733.0,395,174655.0,0.0,0.0,0.0,0.0,0.0,0.0
b39c27632abb0b6a64163efcb1c88e45abfcf507e49e7047bcbb793aaf7a1d53,18087.0,395,402650.0,131813.0,10066.0,0.0,2721.0,2721.0,10066.0
b3d869c0049f4d31d39f8d27ed8d91a9d372f10e40a5a04ed5280c29ba5ba610,2076.0,395,134988.0,49817.0,0.0,0.0,2076.0,2076.0,0.0
b427ac9d4580184da5813e663a6f25c8cb69ffff15be62558a69c536185b1265,9408.0,395,204304.0,2239.0,0.0,0.0,0.0,2238.0,0.0
b481b376729f05ce2fafb6242d1f2f12a003ac88bd4ead62d2e95d30b4d55db0,24316.0,395,102778.0,47305.0,0.0,0.0,4848.0,16620.0,0.0
b508fa852ce18b030e4f30f100b4d8e351349117acaec17ad6fbdd8eb205db9b,0.0,395,313582.0,0.0,0.0,0.0,0.0,0.0,0.0
b5c5c235e898032b0dd184993f250ea6bd743c521dc2a5469038b8060b83a2ab,1960992.0,395,153202.0,101374.0,0.0,0.0,0.0,1959398.0,0.0
b600c0720096c241f5aec16b096c6a353492eee8a5855aa7f79d81390811d914,406142.0,395,50806.0,11357.0,0.0,0.0,0.0,445696.0,0.0
b608b9b249ba0792298f2859221aaf73ae7d90faebb16dc173e220df7cfc1fdb,8149.0,395,300606.0,40023.0,0.0,0.0,5552.0,8253.0,0.0
b7765bf8afb013ca5bc80ebbd044decafd28ccf2466ed6e498862589e1cc8757,1368.0,395,416994.0,990.0,0.0,0.0,0.0,990.0,0.0
b780055416b1d2ba8a949780e217cc67d466b47fb2bbc3e1853c1df5f8bc32c4,0.0,395,102509.0,31504.0,0.0,0.0,0.0,31506.0,0.0
b795b1f6bc864ca3bee0cf4e876103f2850be9e8a7fab6ba0f367782ed9e3ae3,8390.0,395,308741.0,9585.0,0.0,0.0,0.0,9585.0,0.0
ba5297764e34bc79bc3a834c5886dd5bbe7bb1b2b81151a25ea2e032b4a63ff1,53925.0,395,1001824.0,3521.0,0.0,0.0,0.0,3441.0,0.0
bb45fdd0dab90a12d926f6297980e4e0cf089be5a3ee63f8e4220d2dc845d54e,6984.0,395,307179.0,20898.0,0.0,0.0,1075.0,15015.0,0.0
bc3b751806ecb0c12ec89d6942030b895fdac997f07e71e9740985330bb3d660,125915.0,395,1516896.0,78127.0,0.0,0.0,0.0,77540.0,0.0
bc8a76c9f08d784f88db9e5d38f364fbf8af14339a5a4779eac3df9ad27e56ec,0.0,395,81509.0,0.0,0.0,0.0,0.0,0.0,0.0
bd173c7909e44bfae1c9350e14482568914d10d5e7ba382f7fff6cb60ef8e435,16102.0,395,721640.0,17900.0,0.0,0.0,9442.0,14276.0,0.0
bdda3ef79c5f052fd281c9f28f50a25977444eceaf9751e4595fcb6099a48ea0,11974.0,395,202545.0,18732.0,0.0,0.0,0.0,18317.0,0.0
be7d3c28b1cfcb04e646520dfebdedf1beaf32b89d7d649b1a19784143bedff4,2497.0,395,156666.0,63967.0,0.0,0.0,6836.0,7433.0,0.0
bec0a078d262be21a5c870e02f5e6f9e0f8050850901d63af78952e4a466583e,6418.0,395,186381.0,0.0,0.0,0.0,0.0,0.0,0.0
bf19e3fe441d8dfa31794de3b4c318770ca7da5b4f59730ccbf90c5092da8349,51579.0,395,130031.0,117229.0,0.0,0.0,0.0,113404.0,0.0
bf82e93685b825cb3843a090910543e48d33f4eb27cae1abbac993bffc21aecb,11734.0,395,301849.0,18193.0,0.0,0.0,9688.0,10600.0,0.0
bfa85a92ad864a247ea780ffc83c7fa4a7b9e01d5950290184c186a596398ee4,0.0,395,311679.0,0.0,0.0,0.0,0.0,0.0,0.0
bfbdb5e21f974140db4ad835ce204f227d1c1200159f4ade8c75b2d74c153f9c,0.0,395,176366.0,0.0,0.0,0.0,0.0,0.0,0.0
c06d439225fe661e6e7796ae08773c60de902c1be2255d0470d93b9ab97ced88,15148.0,395,304672.0,151538.0,0.0,0.0,0.0,147277.0,0.0
c087c28c8d6fe64cd42683dbf28b0e84191ace340e237db6d647c569a72e5efc,3013.0,395,100449.0,0.0,0.0,0.0,0.0,0.0,0.0
c1122b414958c98c43f3879e543dae4b4cd0374cdf8f2e1fa6ebcdc247cbcfe0,29203.0,395,517270.0,51147.0,0.0,0.0,0.0,48495.0,0.0
c273c9efd2949d077d057fdf5e04fd9c46d62146a855f9ff104546dffdbf20ef,0.0,395,112526.0,0.0,0.0,0.0,0.0,0.0,0.0
c285e5362e2fc994278d36df9d22cdb3fdc1e4edbbc1981c9ea6c53f2634e509,2670.0,395,629379.0,78618.0,0.0,0.0,892.0,15216.0,0.0
c2bd4c5d9dc2e6f31fb578053595562a53cd0ca02ac88321d3cc02984a749f81,0.0,395,50570.0,7549.0,0.0,0.0,0.0,0.0,0.0
c3022c14907b7bbeb566ab056b4a0d944310aa1e02f55735309a33d9faf482c2,2023.0,395,201844.0,15940.0,0.0,0.0,0.0,2809.0,0.0
c3772f07ef859f77f4c93cc4db09a770d49fe041c0388c866216d742cc4c92c2,0.0,395,314074.0,0.0,0.0,0.0,0.0,0.0,0.0
c3c91469e633ec9d086af8c6d0185d3a1dec16294f3fff8068d904442779e133,0.0,395,4114196.0,2908860.0,0.0,0.0,0.0,0.0,0.0
c3da54d3fd1299bc9ae9d17b619fc85b31948f625318ed32c590343ae9e27919,6763.0,395,309360.0,10492.0,0.0,0.0,0.0,8212.0,0.0
c47915ce60f21d1f671e38e659eaf055052bee6208583c6d9c6a00cabbf623cd,18231.0,395,31216.0,21797.0,0.0,0.0,0.0,19092.0,0.0
c48fea0bb5dbe5e9003f7949034dd0e5a407c794b702081502b8f7f094330a04,0.0,395,80067.0,0.0,0.0,0.0,0.0,0.0,0.0
c62baab3b4829e0c15b13741548b58719a8c63b4b6a25b2213a688fe407cd91b,95050.0,395,122570.0,57601.0,0.0,0.0,0.0,22338.0,0.0
c6b4ecf9185154bd27023b116e518fda47afabe0842ae6e94021b2170e2f1a8c,1469.0,395,207232.0,0.0,0.0,0.0,0.0,0.0,0.0
c6def618ad861703c025be4f41bdf7569310228ae93aeffc73088c520c79558d,17206.0,395,253818.0,5639.0,0.0,0.0,0.0,5639.0,0.0
c6df78e6c5bfd4090df95eea3ef928cfaa20a679bcf97bf278d51cd86100c743,0.0,395,51130.0,0.0,0.0,0.0,0.0,0.0,0.0
c761197086e59e683ea8b5232d2a40de4e238b33d17ab60905add1b00eeaa55c,1133.0,395,204961.0,17060.0,0.0,0.0,0.0,4107.0,0.0
c8a5e1aaec04a6c3414816a59fdc62a368c8066b4544854eeeb897372376580e,1547.0,395,81153.0,1012.0,0.0,0.0,0.0,689.0,0.0
c90197eb61812d8b41228fa0d602f9d5062b10f4c18feca4e32d28dd6e16d4b5,6883.0,395,200551.0,5068.0,0.0,0.0,0.0,5068.0,0.0
c92f6fa2e7d8cc80e829ad43a070b5dff511a49896eabf8c2e8fa2b6574f36c3,6947.0,395,203051.0,23224.0,0.0,0.0,0.0,16942.0,0.0
c93e592c596e068a2c1fb4e435e67a70cb3a40dfc60f512cbb6022ef3c77f528,0.0,395,93811.0,0.0,0.0,0.0,0.0,0.0,0.0
c9b1b2fd0a725e7c07e6664c64e52ecd87e7d7e4d7a96f025aa9605d1b7f9a19,132869.0,395,142855.0,105876.0,0.0,0.0,8336.0,126833.0,0.0
ca17bb70c7f77514a66819c9f904c17613be7901702c6d2f03d507776d1912d4,0.0,395,80462.0,0.0,0.0,0.0,0.0,0.0,0.0
cb8849b0facf7b82da911151df1a6bdaa0d805e1ea854f196c57dbbba17967c6,7344.0,395,71914.0,5321.0,0.0,0.0,0.0,127719.0,0.0
cd204fc57aa8718a8513b7c6e22164902d7cd5755ff54793a63beb90113bdc3d,208596.0,395,625787.0,286399.0,0.0,0.0,91347.0,188660.0,0.0
cea868fa7c2c37d4e27a26e3a974fead480b27b90cba5a12e36dbe68e3125ae6,2836.0,395,257194.0,5009.0,0.0,0.0,0.0,1635.0,0.0
cece622381d76715c8bc9f4a7d60ee143c0df366d73e8873a17885dbd564df87,1528540.0,395,357327.0,1626.0,0.0,0.0,0.0,826009.0,0.0
cef8280aa7fe4af5194dbd149f1c3907d1e8811aff2a9233761ca0f265c9cafe,54384.0,395,604265.0,91157.0,0.0,0.0,0.0,87017.0,0.0
cf49f3850c5ed846e40cdbe05df57de0c0c2ad30214efd68024a6f8783a7c431,91797.0,395,302359.0,229487.0,0.0,0.0,0.0,225254.0,0.0
d0344c4ca9ca034d6d36c91058be9b036b78f1a823cd5f5f1851a09334d36890,0.0,395,310935.0,0.0,0.0,0.0,0.0,0.0,0.0
d24d46c19002ab1f9a02801af5e4be6a154b3c5adc04172e372c16ca446d736b,797660.0,395,31322.0,3483.0,0.0,0.0,0.0,815751.0,0.0
d253f77ce816406296362e15aa64888080acc551e9c596098d9c78ffe52956a9,0.0,395,308771.0,0.0,0.0,0.0,0.0,0.0,0.0
d27dae25c3898cc47113805de1b2591f105ebad1bcd1cfcd34d8b6de6b21c548,0.0,395,81704.0,10539.0,0.0,0.0,843.0,1854.0,0.0
d2ede9ca04767a8187a0e71987e1418b8c0ff8e5d7cbf675b6324d22b8835921,0.0,395,184377.0,0.0,0.0,0.0,0.0,0.0,0.0
d3d0efb4972e0a54a7b5d5b6c33489d5f151e0c0ab0bd7b47c75e4f137fd1a35,0.0,395,1570762.0,0.0,0.0,0.0,0.0,0.0,0.0
d4020392616e054d47dbdb9c87a6a85925058c730f9eca86ba938ee41bdf2f72,0.0,395,259656.0,0.0,0.0,0.0,0.0,0.0,0.0
d413e74df0f4d9831ba04e480979144e0374b3a687d011a3aeb628acd9f9d7bd,0.0,395,263545.0,434.0,0.0,0.0,0.0,434.0,0.0
d44bf5a06abb0782f551aa67a935734f88e3b419cb61decdf6882df4b30139f0,194857.0,395,71041.0,37552.0,0.0,0.0,0.0,210861.0,0.0
d451b7000e1fe22a0c02affc78b4059c99e3204ce1b0b65449191c59217d6bf1,148382.0,395,1132403.0,120983.0,0.0,0.0,24645.0,115873.0,0.0
d462f9354e7acf6854c8de85120c45481c99e0fd16d4bbb62acd35b1832ef6a2,66624.0,395,303956.0,53561.0,0.0,0.0,0.0,45808.0,0.0
d4dccb02534b4fac57ec01d12e1100f34405172f065078d852bc3556db15a908,0.0,395,30035.0,0.0,0.0,0.0,0.0,0.0,0.0
d5e513e441be367c4e600faa2e64a822314226a9102bfd8a3cb760d5f1ed77d8,109182.0,395,302456.0,159614.0,0.0,0.0,11321.0,14703.0,0.0
d5fe9b01bfa9b7616f628a19da60bb11bd5b57a0ea0df91beaed9d16cbbb58de,0.0,395,178110.0,0.0,0.0,0.0,0.0,0.0,0.0
d7400ae19be1cbe55b03ef73319e5833d442820966af69c16a6f1149e8011881,0.0,395,56403.0,0.0,0.0,0.0,0.0,0.0,0.0
d83280f4a3615d197e2e3424d89860dbb1082932668f3a934c05c3e75ea61c09,124236.0,395,124237.0,161125.0,0.0,0.0,0.0,124409.0,0.0
da232e20afb01f3ab8367b42c65cfd20c7cf03a82fa72c41c2d54b2f8622986c,11450.0,395,71302.0,12663.0,0.0,0.0,0.0,12077.0,0.0
dc8858c6962774e5a03b2e97e6311478227c7a68a4a9b1367064f6f4aca987e3,0.0,395,185273.0,0.0,0.0,0.0,0.0,0.0,0.0
dc9eace828c9ebc306972caafca971a5478f5fb10b9cd260af02a5b6190285ff,0.0,395,799766.0,35325.0,0.0,0.0,0.0,29044.0,0.0
dd79a473e255089b94b8410f0df017c7ac0e8a3a9226267d71b864e7ff520cc8,0.0,395,1005476.0,0.0,0.0,0.0,0.0,0.0,0.0
ddb4286ff97561f47b34d6d7c5711e77cee5867b0f27fe228551eb4c272c74b3,242182.0,395,309982.0,26406.0,0.0,0.0,2744.0,24815.0,0.0
ddbd22ed5ca8116c9ea2fefe7fed290c118165efad719ae6d643096f3f5017e0,0.0,395,313860.0,0.0,0.0,0.0,0.0,0.0,0.0
df11307f6e8372f1ab198c8de7d1dadddc4fa244565bfdcce428e49437e8c1da,0.0,395,306626.0,-64447.0,0.0,0.0,0.0,804852.0,0.0
df848e6a33a07e792543c8c856813e39a8a45f99e4452a765bb412be83c8015c,134888.0,395,521015.0,179836.0,0.0,0.0,21543.0,184030.0,0.0
e01690825649486bf76cfb69ff32c972eee57e072c2331373eefb1c72732fab2,0.0,395,50806.0,0.0,0.0,0.0,0.0,0.0,0.0
e01afc9581a02a85e9a43641f36b832b81927ee1dd03641f1100acde01a7cfe1,3534.0,395,50180.0,4249.0,0.0,0.0,0.0,4174.0,0.0
e0bf8cf597eefe62924d9fca4a08a0cfacbdaa3fffd3ae4894e91968603f9bbb,3290866.0,395,1559272.0,1538368.0,0.0,0.0,211086.0,3423764.0,0.0
e0d9235d3aaa8e25519382b85b0434568b7f4c47961b1da702d4e7f333c64840,202553.0,395,101276.0,47957.0,0.0,0.0,0.0,188595.0,0.0
e1411b426b3ae15f46a3d8d097bfe3f32f458007558edc6653109f186d83cf71,8632.0,395,360426.0,82911.0,0.0,0.0,0.0,41649.0,0.0
e185ef488f2e212592d1e1c818e26813928fc3ada2cc3f1fff7dc3bbefcd0ccd,9992.0,395,132930.0,15849.0,0.0,0.0,0.0,15494.0,0.0
e20ea98359adcda5cf2e24d38f0bb62b8d69dfacbe365d9ba6b09290a8c2198f,0.0,395,72958.0,7806.0,0.0,0.0,0.0,853.0,0.0
e29643f9e971db8c2a2af05bf831b465b2d2dddf2f035d34ce863bf36083b3eb,523809.0,395,375931.0,246266.0,0.0,0.0,43319.0,94070.0,0.0
e2b073daf817a92036a05cb4ada4464888ca9c55177063cfc2fb679f2b662b4c,0.0,395,176320.0,0.0,0.0,0.0,0.0,0.0,0.0
e2cda8c9f41a0e68ff9d774361ea572bc3c68c0e80df6234f3c09a5fc6e0302e,0.0,395,355623.0,5252.0,0.0,0.0,0.0,5252.0,0.0
e2d55971bfaf91e2a9ba32b18e734902f409fc899c64a2605c3df6457e2b0bcb,0.0,395,250284.0,0.0,0.0,0.0,0.0,0.0,0.0
e2dcb6f3653332d18eb9ac4d043abcb62c94764836cb11487835f85cd185fc69,20857.0,395,309758.0,23253.0,0.0,0.0,11185.0,23253.0,0.0
e40d89a3549dbe78b8ec2a17055bd5c2aed25066da7ad9494eeec8d5b4378755,2058.0,395,155094.0,9560.0,0.0,0.0,2058.0,2058.0,0.0
e4465248aa6a2afca05b0e5cf645c2dfda11cb03d189c9eb122d5f8697fac15c,654336.0,395,522800.0,486071.0,0.0,0.0,1832.0,572655.0,0.0
e50deb3f2f87bf45e04940303f80c96929c836b0b03f54f9681272186d9e466e,0.0,395,50233.0,0.0,0.0,0.0,0.0,0.0,0.0
e5a97ebd5a5369b3c5e368a17bcf61b09f9869db354cf9751bd63ad8f18d9a2f,1007671.0,395,1537926.0,53207.0,0.0,0.0,0.0,53042.0,0.0
e5b50d14b5e90e042c25b4697309dc01fceede7c9c289ed60475562ce01ed0b1,775.0,395,101626.0,33688.0,0.0,0.0,0.0,0.0,0.0
e6680f6b28d6c46bf6c18d04a4fc00edb5c7b6947110ef47a0a097568c63bf2d,3737.0,395,731491.0,3152.0,0.0,0.0,0.0,2987.0,0.0
e76ec761d3b906207adde57a5951159ac10e8680c36e16ae3664acf3dab270f1,0.0,395,132252.0,-114.0,0.0,0.0,0.0,66.0,0.0
e7bc3b1b9155f58b1bc831a2b0abc3a74f4257c31f2a4662dc7345940ade3240,12092.0,395,102142.0,20408.0,0.0,0.0,3404.0,14031.0,0.0
ea8196438dfe4588bd642aa8b415f345916e77737a164f3c9b6beb1c0d41f2e1,70629.0,395,122779.0,89732.0,0.0,0.0,0.0,87963.0,0.0
eaf6416efd317e88070ccb93ce62fad5812d17839822c6166b621d673906d705,12267.0,395,208268.0,11582.0,0.0,0.0,0.0,11061.0,0.0
eb128554ce8d223883c90f1aa41355051fe62bc2c15e54bd019891c21ef1b782,18991.0,395,50567.0,46630.0,0.0,0.0,9062.0,13669.0,0.0
eb257d020f31f446130a17be101a878b15d5ab95e2eff36a033fd61629a0a2ca,128761.0,395,711172.0,63906.0,0.0,0.0,0.0,63617.0,0.0
ec54fcfb0dd25224426caa1fda78e3d3a8e0742860b8050d25a63a63275f46c4,10166.0,395,157430.0,138448.0,0.0,0.0,0.0,0.0,0.0
edb78ba4f5298a657f601648805287d43589645fd998341e0fb5450da5541133,11178.0,395,258208.0,141828.0,0.0,0.0,17227.0,38138.0,0.0
edf0e51f438c2ce4687e75b8d4aafca1042a3a986a3cb076ccf416029cc92d9b,6002.0,395,1002179.0,15737.0,0.0,0.0,0.0,15737.0,0.0
edf0ff8f8fd5738606b0a96fba4c16d3db1039b826fb2e7ffbbcbd784adf0669,0.0,395,207455.0,0.0,0.0,0.0,0.0,0.0,0.0
ee52b79065b1de4a7117849e7aa0965f20a749577ed578e92a80d7a35e8e023c,188720.0,395,1021665.0,148570.0,0.0,0.0,7136.0,118946.0,0.0
eeb95868db2e2d9b47271e64b7bdc0cbc97827574a49ff29ab9d855793323111,755.0,395,204763.0,2924.0,0.0,0.0,0.0,2932.0,0.0
eec3127896549e151e9b82489cbaaa2a00982c0037defced25fc94d6aeb6eaec,12772.0,395,202495.0,42933.0,0.0,0.0,0.0,42110.0,0.0
ef3f8d565d1b31eea84c11ef10760bf12d5addfe36b8ed6538deb7883d8366c6,12803.0,395,51759.0,4217.0,0.0,0.0,0.0,3590.0,0.0
ef52f52ea8b7c499278cb7e67c72aca7675a5d802c90658d845f74344a08d869,2598.0,395,50034.0,3637.0,0.0,0.0,0.0,3637.0,0.0
efb7dddf88b3f438158f8594769049541f27c829008f8c3973da39d247729daa,79942.0,395,204755.0,124308.0,0.0,0.0,0.0,121167.0,0.0
f00c77fb992022b1eb0236c21261661360b4a636c24e2249230b50e51cf35d43,9529.0,395,61772.0,32145.0,0.0,0.0,2552.0,11989.0,0.0
f01f05fe20a6717f025f4a0d3666555fcd1d857522bb8a4bb3d4b883d8e55e50,99444.0,395,1012907.0,84066.0,0.0,0.0,0.0,80798.0,0.0
f022139da09ebce88c574e54173b5eb9f81dd09c1b8b07009e5aefb80043410b,0.0,395,302035.0,0.0,0.0,0.0,0.0,0.0,0.0
f0da5db7c7151f8ef7fdb71e32fdb3b47a21136088cfe59f62a250afcae08877,45666.0,395,80925.0,75955.0,0.0,0.0,0.0,53675.0,0.0
f1369ba77fb467bde5463dc1e9c7b81aa437deded0d931b117bd1d63bbe434ea,0.0,395,103059.0,11277.0,0.0,0.0,0.0,10584.0,0.0
f1b0cd619e1f965b11a00354baf69f2a14998786643b366e743196a03d9dcf67,320.0,395,252897.0,1345.0,0.0,0.0,0.0,1345.0,0.0
f25c3ecdfad55ef27b928d33ac83b82ec9edc4f950512d9406dacdba6e6b7b54,0.0,395,51332.0,-6632.0,0.0,0.0,0.0,3721.0,0.0
f277d9b3334df1de21ec83af44bb285cda650750ae96fc56d13237c7ec599363,4035.0,395,50434.0,49601.0,0.0,0.0,928.0,2991.0,0.0
f284d9a1f047636cf371af0d1e2cc1a8583c413aca0e347538758b914e00eeec,0.0,395,81634.0,0.0,0.0,0.0,0.0,0.0,0.0
f329a5b9f6e859efe2470c0b8a665ef5fb41ca897f52aaffcd959f6a91514c04,8362.0,395,31347.0,5950.0,0.0,0.0,0.0,6027.0,0.0
f33d11815196ff6b3d10e5a6fe0ad0e7aed8bcd63a5d0597ed2503464bf91862,30425.0,395,123681.0,22736.0,0.0,0.0,2884.0,7183.0,0.0
f45c88b6ba9d9e22e39a7a727e2cf2faf335a160b2e7f04cdf32a73cc7e068c2,60244.0,395,451300.0,52182.0,0.0,0.0,0.0,51891.0,0.0
f48b27a5563a540cee65b227f4eec4751ae0d19ebe1f81d51830188efee77213,0.0,395,112999.0,0.0,0.0,0.0,0.0,0.0,0.0
f4cf6b4c89a0b69e1f3e6fcd8313025f9711b7c81483329ce28d0df99ccc5d39,23710.0,395,30603.0,30606.0,0.0,0.0,1003.0,25574.0,0.0
f5193f9f7c3890d8f0aaa1b3d99f480ba88098e6dea96f2f86f9d110568f58b3,3000.0,395,200012.0,175723.0,0.0,0.0,0.0,95.0,0.0
f53821a3c70972dc67d65a14e5a9f9defe144dfdebbb6ac07aebf7a498a168e1,13460.0,395,508726.0,8305.0,0.0,0.0,0.0,8305.0,0.0
f5679a96aed371f78fc81d5ea37f32999e3df03fa8c159d028d61bb479b1f905,186507.0,395,1020316.0,53805.0,0.0,0.0,3195.0,30051.0,0.0
f5a0b688d0e9a8dad1155b138cd52ac077c49badacdc2d63b88f7fd29673da4e,601.0,395,310911.0,-1.0,0.0,0.0,0.0,-1.0,0.0
f63dff2aa9b067bbcddfe9621e4199cb6fcba77fd3615d723ef44f992469820b,0.0,395,309419.0,0.0,0.0,0.0,0.0,0.0,0.0
f69b2fe8b56951c117aecff35ced33d9a8fb5e66009ce4ee950338b1a3d801c8,38128.0,395,306512.0,47030.0,0.0,0.0,0.0,47030.0,0.0
f7592cab0c4414ea8895d72570cc20c4d89d5294170ca07110e436811efd5cf2,3510.0,395,83716.0,2868.0,0.0,0.0,0.0,2868.0,0.0
f8c07ffa8e56398b97a5ac393b335d254c23eedc29548d740e4fd78ce580c52b,0.0,395,50822.0,46134.0,0.0,0.0,0.0,0.0,0.0
f8c741eed143b35a233bf4b8aa9ae5ec01d03f95bf1ba368e0e4bb5945382a82,31145.0,395,203511.0,26070.0,0.0,0.0,0.0,23031.0,0.0
f91111b92b3274e91984b1ba57729d600ce082391ed3564bfdd7f9a4a74ca12b,0.0,395,144051.0,0.0,0.0,0.0,0.0,0.0,0.0
f9a7e4c497a5e7c5707affb1c17777beb302ad26625e1b6090ad9ba810f80362,0.0,395,120353.0,486094.0,0.0,0.0,0.0,0.0,0.0
fac694f69b3d74ecfcb564321cd3b645eb2111fa9170f8416b25d393514fff08,0.0,395,522331.0,119767.0,0.0,0.0,0.0,119767.0,0.0
fb3b9e113ad191cc31f3d202983fd0178ec35553b4eed0f0b95a6544f3ff8e8f,170934.0,395,709810.0,971668.0,0.0,0.0,0.0,35196.0,0.0
fb832de21bafdfae18e043fa51952a719900b74b51924d48d5079fb64c690882,5081.0,395,304879.0,303303.0,0.0,0.0,5864.0,5864.0,0.0
fc996760f34f993f432294d8a3a665cab7e9cf7e6980c59efff7ebf8195e68a1,55271.0,395,304589.0,114709.0,0.0,0.0,2373.0,12563.0,0.0
fd0ae9a4d32233ea311bd5ac65ed70bee5f1410f6e4d016602ef48f2cea62c0b,1722.0,395,208728.0,15537.0,0.0,0.0,1722.0,5205.0,0.0
fd18e359b0e0f16ba1f16c5aa76e5ef76064793b0ee00702a7018f53cbb41db3,0.0,395,824010.0,0.0,0.0,0.0,0.0,0.0,0.0
fd4620b0e018b626a0a5094bec42111466f2039fb8ea36a3090dcdeadc8389b0,11367.0,395,104251.0,-6.0,0.0,0.0,0.0,-6.0,0.0
fe34196eeaa61e81640dc21024666e643d5b84734fdc6b67d909d57f652d7e03,0.0,395,413801.0,0.0,0.0,0.0,0.0,0.0,0.0
ff483c74ef2977bfcf04be0a79363af72d1812aac9ce1fcdf671b4433218f6ad,5001.0,395,207836.0,61332.0,0.0,0.0,4070.0,9299.0,0.0
